module,metric,mean,std
EmergencyLaneScenario.node[2].nic.mac1609_4,ReceivedUnicastPackets,0.0,0.0
EmergencyLaneScenario.node[18].nic.mac1609_4,ReceivedUnicastPackets,0.0,0.0
EmergencyLaneScenario.node[4].nic.mac1609_4,SlotsBackoff,80.0,113.13708499
EmergencyLaneScenario.node[22].nic.mac1609_4,retriesExceeded:count,0.0,0.0
EmergencyLaneScenario.node[31].appl,emergencyMessagesReceived,0.0,0.0
EmergencyLaneScenario.node[10].nic.mac1609_4,ReceivedUnicastPackets,0.0,0.0
EmergencyLaneScenario.node[10].nic.phy80211p,busyTime,0.00235064220183,0.0
EmergencyLaneScenario.node[13].nic.mac1609_4,RetriesExceeded,0.0,0.0
EmergencyLaneScenario.node[20].veinsmobility,stopTime,60.0,0.0
EmergencyLaneScenario.node[30].appl,receivedBSMs,798.0,0.0
EmergencyLaneScenario.node[26].veinsmobility,totalDistance,190.08050204,0.0
EmergencyLaneScenario.node[23].nic.mac1609_4,RetriesExceeded,0.0,0.0
EmergencyLaneScenario.node[27].appl,receivedWSAs,0.0,0.0
EmergencyLaneScenario.node[14].nic.mac1609_4,sentPackets:count,53.0,0.0
EmergencyLaneScenario.node[8].appl,receivedBSMs,540.5,764.382430463
EmergencyLaneScenario.node[31].nic.mac1609_4,ReceivedBroadcasts,699.0,0.0
EmergencyLaneScenario.node[20].appl,receivedWSMs,0.0,0.0
EmergencyLaneScenario.node[33].appl,generatedWSAs,0.0,0.0
EmergencyLaneScenario.node[5].nic.mac1609_4,sentPackets:count,37.5,53.033008589
EmergencyLaneScenario.node[33].appl,receivedWSMs,0.0,0.0
EmergencyLaneScenario.node[18].veinsmobility,totalTime,26.4,0.0
EmergencyLaneScenario.node[26].nic.mac1609_4,RetriesExceeded,0.0,0.0
EmergencyLaneScenario.node[27].veinsmobility,totalTime,95.6,0.0
EmergencyLaneScenario.node[16].nic.mac1609_4,ReceivedUnicastPackets,0.0,0.0
EmergencyLaneScenario.node[14].appl,emergencyMessagesReceived,1.0,0.0
EmergencyLaneScenario.node[6].nic.mac1609_4,SNIRLostPackets,0.0,0.0
EmergencyLaneScenario.node[0].nic.phy80211p,busyTime,0.000407169811321,0.000575825069359
EmergencyLaneScenario.node[16].veinsmobility,startTime,21.6,0.0
EmergencyLaneScenario.node[8].veinsmobility,totalCO2Emission,67.0165782105,78.5030781675
EmergencyLaneScenario.node[33].nic.mac1609_4,sentAcks:count,0.0,0.0
EmergencyLaneScenario.node[8].nic.mac1609_4,retriesExceeded:count,0.0,0.0
EmergencyLaneScenario.node[1].appl,receivedWSMs,20.5,28.9913780286
EmergencyLaneScenario.node[2].appl,avgResponseTime,370.500104472,0.0
EmergencyLaneScenario.node[20].appl,receivedWSAs,0.0,0.0
EmergencyLaneScenario.node[1].nic.mac1609_4,sentAcks:count,0.0,0.0
EmergencyLaneScenario.node[15].nic.mac1609_4,totalBusyTime,0.071756,0.0
EmergencyLaneScenario.node[1].nic.mac1609_4,collisions:count,0.0,0.0
EmergencyLaneScenario.node[13].nic.mac1609_4,totalBusyTime,0.114872,0.0
EmergencyLaneScenario.node[20].nic.mac1609_4,totalBusyTime,0.089682,0.0
EmergencyLaneScenario.rsu[1].nic.mac1609_4,DroppedPacketsInMac,0.0,0.0
EmergencyLaneScenario.node[25].nic.mac1609_4,retriesExceeded:count,0.0,0.0
EmergencyLaneScenario.node[11].nic.mac1609_4,ReceivedUnicastPackets,0.0,0.0
EmergencyLaneScenario.node[3].nic.mac1609_4,channelBusy:timeavg,0.00106405674847,0.00150480348482
EmergencyLaneScenario.rsu[0].nic.mac1609_4,SentPackets,0.0,0.0
EmergencyLaneScenario.node[8].nic.mac1609_4,SNIRLostPackets,0.0,0.0
EmergencyLaneScenario.node[16].nic.mac1609_4,TooLittleTime,0.0,0.0
EmergencyLaneScenario.node[22].nic.phy80211p,busyTime,0.00256708860759,0.0
EmergencyLaneScenario.node[28].nic.mac1609_4,SentAcknowledgements,0.0,0.0
EmergencyLaneScenario.node[1].appl,laneChangesPerformed,0.0,0.0
EmergencyLaneScenario.node[22].nic.mac1609_4,ReceivedBroadcasts,776.0,0.0
EmergencyLaneScenario.node[7].nic.mac1609_4,SNIRLostPackets,0.0,0.0
EmergencyLaneScenario.node[33].veinsmobility,totalTime,13.2,0.0
EmergencyLaneScenario.rsu[0].appl,priorityMessagesSent,0.0,0.0
EmergencyLaneScenario.node[9].nic.mac1609_4,SentAcknowledgements,0.0,0.0
EmergencyLaneScenario.node[6].appl,laneChangesPerformed,0.0,0.0
EmergencyLaneScenario.node[31].veinsmobility,totalTime,43.2,0.0
EmergencyLaneScenario.node[27].veinsmobility,maxSpeed,27.0715287712,0.0
EmergencyLaneScenario.node[30].nic.mac1609_4,ReceivedBroadcasts,798.0,0.0
EmergencyLaneScenario.node[5].nic.mac1609_4,channelBusy:timeavg,0.00100895053476,0.00142687153002
EmergencyLaneScenario.node[23].veinsmobility,startTime,28.4,0.0
EmergencyLaneScenario.node[4].veinsmobility,stopTime,64.3,58.972705551
EmergencyLaneScenario.node[15].appl,laneChangesPerformed,0.0,0.0
EmergencyLaneScenario.node[16].nic.mac1609_4,SNIRLostPackets,0.0,0.0
EmergencyLaneScenario.node[29].appl,receivedBSMs,541.0,0.0
EmergencyLaneScenario.node[12].nic.mac1609_4,SentAcknowledgements,0.0,0.0
EmergencyLaneScenario.node[10].veinsmobility,minSpeed,0.51612102853,0.0
EmergencyLaneScenario.node[16].appl,receivedBSMs,727.0,0.0
EmergencyLaneScenario.node[20].veinsmobility,totalTime,33.6,0.0
EmergencyLaneScenario.node[29].appl,generatedWSAs,0.0,0.0
EmergencyLaneScenario.node[16].nic.mac1609_4,retriesExceeded:count,0.0,0.0
EmergencyLaneScenario.node[17].nic.mac1609_4,sentAcks:count,0.0,0.0
EmergencyLaneScenario.node[20].nic.mac1609_4,SentPackets,34.0,0.0
EmergencyLaneScenario.node[0].nic.mac1609_4,channelBusy:timeavg,0.000695471698113,0.000983545507718
EmergencyLaneScenario.node[31].nic.mac1609_4,TotalLostPackets,10.0,0.0
EmergencyLaneScenario.node[12].nic.phy80211p,busyTime,0.00239680851064,0.0
EmergencyLaneScenario.node[28].veinsmobility,totalTime,48.0,0.0
EmergencyLaneScenario.rsu[1].nic.mac1609_4,channelBusy:timeavg,0.0,0.0
EmergencyLaneScenario.node[6].appl,generatedBSMs,26.0,36.7695526217
EmergencyLaneScenario.node[22].nic.mac1609_4,TotalLostPackets,4.0,0.0
EmergencyLaneScenario.node[15].nic.mac1609_4,SNIRLostPackets,0.0,0.0
EmergencyLaneScenario.node[34].nic.mac1609_4,collisions:count,0.0,0.0
EmergencyLaneScenario.node[19].nic.mac1609_4,SNIRLostPackets,12.0,0.0
EmergencyLaneScenario.rsu[0].nic.mac1609_4,TotalLostPackets,6.5,9.19238815543
EmergencyLaneScenario.node[14].nic.mac1609_4,TooLittleTime,0.0,0.0
EmergencyLaneScenario.node[15].appl,receivedWSMs,3.0,0.0
EmergencyLaneScenario.node[27].appl,emergencyMessagesReceived,0.0,0.0
EmergencyLaneScenario.node[29].nic.mac1609_4,channelBusy:timeavg,0.00266245454545,0.0
EmergencyLaneScenario.node[29].veinsmobility,maxSpeed,18.9997861615,0.0
EmergencyLaneScenario.node[12].nic.mac1609_4,sentPackets:count,38.0,0.0
EmergencyLaneScenario.node[6].nic.mac1609_4,RXTXLostPackets,0.0,0.0
EmergencyLaneScenario.node[0].appl,generatedWSAs,0.0,0.0
EmergencyLaneScenario.node[17].appl,receivedWSAs,0.0,0.0
EmergencyLaneScenario.node[13].nic.mac1609_4,SentPackets,48.0,0.0
EmergencyLaneScenario.node[8].veinsmobility,maxSpeed,13.3161430136,1.0386159128
EmergencyLaneScenario.rsu[1].nic.mac1609_4,RXTXLostPackets,0.0,0.0
EmergencyLaneScenario.node[30].appl,generatedBSMs,48.0,0.0
EmergencyLaneScenario.node[13].nic.mac1609_4,SNIRLostPackets,1.0,0.0
EmergencyLaneScenario.node[23].appl,generatedWSAs,0.0,0.0
EmergencyLaneScenario.node[8].veinsmobility,startTime,15.65,6.29325035256
EmergencyLaneScenario.node[21].nic.mac1609_4,TooLittleTime,0.0,0.0
EmergencyLaneScenario.node[33].nic.mac1609_4,SentAcknowledgements,0.0,0.0
EmergencyLaneScenario.node[0].appl,generatedBSMs,10.5,14.8492424049
EmergencyLaneScenario.node[30].nic.phy80211p,busyTime,0.0017355,0.0
EmergencyLaneScenario.node[2].veinsmobility,totalDistance,263.083338141,56.1656754156
EmergencyLaneScenario.node[6].nic.mac1609_4,SlotsBackoff,44.5,62.9325035256
EmergencyLaneScenario.node[28].appl,generatedWSMs,0.0,0.0
EmergencyLaneScenario.node[25].appl,receivedBSMs,541.0,0.0
EmergencyLaneScenario.node[4].nic.mac1609_4,RXTXLostPackets,0.0,0.0
EmergencyLaneScenario.node[31].nic.mac1609_4,retriesExceeded:count,0.0,0.0
EmergencyLaneScenario.node[29].nic.mac1609_4,TimesIntoBackoff,22.0,0.0
EmergencyLaneScenario.node[31].appl,laneChangesPerformed,0.0,0.0
EmergencyLaneScenario.rsu[1].nic.phy80211p,busyTime,0.0,0.0
EmergencyLaneScenario.rsu[1].nic.mac1609_4,collisions:count,0.0,0.0
EmergencyLaneScenario.node[15].nic.mac1609_4,RXTXLostPackets,0.0,0.0
EmergencyLaneScenario.node[2].nic.mac1609_4,DroppedPacketsInMac,0.0,0.0
EmergencyLaneScenario.node[25].appl,emergencyMessagesReceived,0.0,0.0
EmergencyLaneScenario.node[31].nic.mac1609_4,DroppedPacketsInMac,0.0,0.0
EmergencyLaneScenario.node[16].nic.mac1609_4,collisions:count,0.0,0.0
EmergencyLaneScenario.node[24].nic.mac1609_4,RetriesExceeded,0.0,0.0
EmergencyLaneScenario.node[7].veinsmobility,totalCO2Emission,42.872741284,44.6357913753
EmergencyLaneScenario.node[7].nic.mac1609_4,TooLittleTime,0.0,0.0
EmergencyLaneScenario.node[23].appl,generatedWSMs,0.0,0.0
EmergencyLaneScenario.node[0].appl,laneChangesPerformed,0.0,0.0
EmergencyLaneScenario.node[23].appl,emergencyMessagesReceived,0.0,0.0
EmergencyLaneScenario.node[33].nic.mac1609_4,totalBusyTime,0.033086,0.0
EmergencyLaneScenario.node[34].nic.mac1609_4,SentPackets,31.0,0.0
EmergencyLaneScenario.node[12].nic.mac1609_4,SlotsBackoff,42.0,0.0
EmergencyLaneScenario.node[19].nic.mac1609_4,retriesExceeded:count,0.0,0.0
EmergencyLaneScenario.node[30].nic.mac1609_4,RXTXLostPackets,0.0,0.0
EmergencyLaneScenario.node[29].nic.mac1609_4,sentPackets:count,22.0,0.0
EmergencyLaneScenario.node[28].nic.mac1609_4,ReceivedBroadcasts,856.0,0.0
EmergencyLaneScenario.node[2].nic.mac1609_4,channelBusy:timeavg,0.0010900255102,0.00154152885986
EmergencyLaneScenario.rsu[1].appl,generatedBSMs,0.0,0.0
EmergencyLaneScenario.node[33].nic.mac1609_4,SlotsBackoff,21.0,0.0
EmergencyLaneScenario.node[31].nic.mac1609_4,channelBusy:timeavg,0.0017971559633,0.0
EmergencyLaneScenario.node[4].nic.mac1609_4,ReceivedUnicastPackets,0.0,0.0
EmergencyLaneScenario.node[28].appl,receivedBSMs,856.0,0.0
EmergencyLaneScenario.node[17].appl,generatedBSMs,19.0,0.0
EmergencyLaneScenario.node[25].nic.mac1609_4,ReceivedBroadcasts,541.0,0.0
EmergencyLaneScenario.node[7].appl,receivedWSAs,0.0,0.0
EmergencyLaneScenario.node[0].appl,receivedWSMs,0.0,0.0
EmergencyLaneScenario.node[14].nic.mac1609_4,SentPackets,53.0,0.0
EmergencyLaneScenario.node[22].appl,generatedWSMs,0.0,0.0
EmergencyLaneScenario.node[20].veinsmobility,startTime,26.0,0.0
EmergencyLaneScenario.node[5].veinsmobility,startTime,8.65,4.87903679019
EmergencyLaneScenario.node[12].appl,generatedBSMs,38.0,0.0
EmergencyLaneScenario.node[10].appl,receivedWSMs,15.0,0.0
EmergencyLaneScenario.node[15].appl,generatedWSAs,0.0,0.0
EmergencyLaneScenario.node[4].nic.mac1609_4,channelBusy:timeavg,0.000810733267717,0.00114654998267
EmergencyLaneScenario.node[1].appl,generatedBSMs,24.0,33.941125497
EmergencyLaneScenario.node[28].appl,receivedWSMs,0.0,0.0
EmergencyLaneScenario.node[17].nic.mac1609_4,RXTXLostPackets,0.0,0.0
EmergencyLaneScenario.node[6].appl,generatedWSAs,0.0,0.0
EmergencyLaneScenario.node[34].nic.mac1609_4,TotalLostPackets,7.0,0.0
EmergencyLaneScenario.node[29].nic.mac1609_4,totalBusyTime,0.058574,0.0
EmergencyLaneScenario.node[28].nic.mac1609_4,SentPackets,48.0,0.0
EmergencyLaneScenario.node[14].nic.mac1609_4,SNIRLostPackets,95.0,0.0
EmergencyLaneScenario.node[12].veinsmobility,minSpeed,0.518908109189,0.0
EmergencyLaneScenario.node[25].nic.mac1609_4,DroppedPacketsInMac,0.0,0.0
EmergencyLaneScenario.node[1].appl,generatedWSAs,0.0,0.0
EmergencyLaneScenario.node[29].nic.mac1609_4,ReceivedBroadcasts,541.0,0.0
EmergencyLaneScenario.node[32].appl,generatedWSAs,0.0,0.0
EmergencyLaneScenario.node[15].nic.mac1609_4,sentPackets:count,28.0,0.0
EmergencyLaneScenario.node[13].nic.mac1609_4,sentPackets:count,48.0,0.0
EmergencyLaneScenario.node[16].nic.mac1609_4,ReceivedBroadcasts,727.0,0.0
EmergencyLaneScenario.node[33].nic.mac1609_4,sentPackets:count,14.0,0.0
EmergencyLaneScenario.node[7].appl,generatedWSMs,0.0,0.0
EmergencyLaneScenario.node[30].veinsmobility,totalTime,47.6,0.0
EmergencyLaneScenario.node[31].veinsmobility,maxSpeed,30.9960211775,0.0
EmergencyLaneScenario.node[10].nic.mac1609_4,SNIRLostPackets,0.0,0.0
EmergencyLaneScenario.node[31].nic.mac1609_4,RXTXLostPackets,0.0,0.0
EmergencyLaneScenario.node[11].nic.mac1609_4,RetriesExceeded,0.0,0.0
EmergencyLaneScenario.node[29].veinsmobility,startTime,38.4,0.0
EmergencyLaneScenario.node[0].nic.mac1609_4,totalBusyTime,0.014744,0.0208511647636
EmergencyLaneScenario.node[13].veinsmobility,maxSpeed,12.4062030629,0.0
EmergencyLaneScenario.node[4].nic.mac1609_4,SentAcknowledgements,0.0,0.0
EmergencyLaneScenario.node[15].nic.mac1609_4,sentAcks:count,0.0,0.0
EmergencyLaneScenario.node[17].nic.mac1609_4,RetriesExceeded,0.0,0.0
EmergencyLaneScenario.node[4].nic.mac1609_4,DroppedPacketsInMac,0.0,0.0
EmergencyLaneScenario.node[16].nic.phy80211p,busyTime,0.00248710526316,0.0
EmergencyLaneScenario.node[9].nic.mac1609_4,ReceivedUnicastPackets,0.0,0.0
EmergencyLaneScenario.node[21].nic.mac1609_4,totalBusyTime,0.132482,0.0
EmergencyLaneScenario.node[8].veinsmobility,totalTime,27.4,35.3553390593
EmergencyLaneScenario.node[9].veinsmobility,startTime,17.65,6.29325035256
EmergencyLaneScenario.node[28].appl,receivedWSAs,0.0,0.0
EmergencyLaneScenario.node[27].nic.mac1609_4,TotalLostPackets,9.0,0.0
EmergencyLaneScenario.node[23].nic.mac1609_4,SNIRLostPackets,0.0,0.0
EmergencyLaneScenario.rsu[0].appl,totalEmergencyDuration,0.0,0.0
EmergencyLaneScenario.node[10].nic.mac1609_4,SentAcknowledgements,0.0,0.0
EmergencyLaneScenario.node[5].nic.mac1609_4,TimesIntoBackoff,37.5,53.033008589
EmergencyLaneScenario.node[3].nic.mac1609_4,NumInternalContention,0.0,0.0
EmergencyLaneScenario.node[12].nic.mac1609_4,ReceivedBroadcasts,853.0,0.0
EmergencyLaneScenario.node[33].nic.mac1609_4,SNIRLostPackets,0.0,0.0
EmergencyLaneScenario.node[3].appl,receivedWSMs,18.5,26.1629509039
EmergencyLaneScenario.node[9].veinsmobility,stopTime,33.7,15.6977705423
EmergencyLaneScenario.node[23].veinsmobility,totalTime,20.4,0.0
EmergencyLaneScenario.node[12].nic.mac1609_4,RetriesExceeded,0.0,0.0
EmergencyLaneScenario.node[6].nic.mac1609_4,DroppedPacketsInMac,0.0,0.0
EmergencyLaneScenario.node[29].appl,laneChangesPerformed,0.0,0.0
EmergencyLaneScenario.node[33].appl,laneChangesPerformed,0.0,0.0
EmergencyLaneScenario.node[21].nic.mac1609_4,SlotsBackoff,141.0,0.0
EmergencyLaneScenario.node[17].nic.mac1609_4,TimesIntoBackoff,19.0,0.0
EmergencyLaneScenario.node[22].nic.mac1609_4,collisions:count,0.0,0.0
EmergencyLaneScenario.node[3].nic.mac1609_4,ReceivedUnicastPackets,0.0,0.0
EmergencyLaneScenario.node[18].nic.mac1609_4,RetriesExceeded,0.0,0.0
EmergencyLaneScenario.node[20].nic.mac1609_4,channelBusy:timeavg,0.00263770588235,0.0
EmergencyLaneScenario.node[1].nic.mac1609_4,retriesExceeded:count,0.0,0.0
EmergencyLaneScenario.node[8].nic.mac1609_4,TotalLostPackets,0.0,0.0
EmergencyLaneScenario.node[18].nic.mac1609_4,TotalLostPackets,0.0,0.0
EmergencyLaneScenario.node[12].nic.mac1609_4,NumInternalContention,0.0,0.0
EmergencyLaneScenario.node[16].veinsmobility,totalDistance,75.4297064441,0.0
EmergencyLaneScenario.node[9].veinsmobility,totalTime,15.8,21.7788888605
EmergencyLaneScenario.node[34].nic.mac1609_4,TooLittleTime,0.0,0.0
EmergencyLaneScenario.node[7].nic.mac1609_4,SentPackets,15.5,21.9203102168
EmergencyLaneScenario.node[24].appl,receivedBSMs,158.0,0.0
EmergencyLaneScenario.node[13].nic.mac1609_4,TooLittleTime,0.0,0.0
EmergencyLaneScenario.node[8].nic.mac1609_4,channelBusy:timeavg,0.00116345643939,0.00164537587582
EmergencyLaneScenario.node[16].appl,receivedWSMs,0.0,0.0
EmergencyLaneScenario.node[32].veinsmobility,maxSpeed,17.150424427,0.0
EmergencyLaneScenario.node[27].veinsmobility,stopTime,131.2,0.0
EmergencyLaneScenario.node[22].nic.mac1609_4,sentPackets:count,31.0,0.0
EmergencyLaneScenario.node[12].veinsmobility,maxSpeed,13.1252939591,0.0
EmergencyLaneScenario.node[9].nic.mac1609_4,TimesIntoBackoff,16.0,22.627416998
EmergencyLaneScenario.node[12].appl,emergencyMessagesReceived,1.0,0.0
EmergencyLaneScenario.node[20].appl,generatedWSAs,0.0,0.0
EmergencyLaneScenario.node[12].nic.mac1609_4,RXTXLostPackets,0.0,0.0
EmergencyLaneScenario.node[32].nic.mac1609_4,NumInternalContention,0.0,0.0
EmergencyLaneScenario.node[20].nic.mac1609_4,TooLittleTime,0.0,0.0
EmergencyLaneScenario.node[4].nic.mac1609_4,sentAcks:count,0.0,0.0
EmergencyLaneScenario.node[2].appl,generatedWSMs,0.0,0.0
EmergencyLaneScenario.node[20].nic.mac1609_4,retriesExceeded:count,0.0,0.0
EmergencyLaneScenario.rsu[1].appl,priorityMessagesSent,0.0,0.0
EmergencyLaneScenario.node[23].nic.mac1609_4,sentPackets:count,21.0,0.0
EmergencyLaneScenario.node[4].appl,receivedBSMs,697.5,986.413959755
EmergencyLaneScenario.node[12].nic.mac1609_4,sentAcks:count,0.0,0.0
EmergencyLaneScenario.node[12].nic.mac1609_4,DroppedPacketsInMac,0.0,0.0
EmergencyLaneScenario.node[0].nic.mac1609_4,sentPackets:count,32.0,45.2548339959
EmergencyLaneScenario.rsu[1].nic.mac1609_4,sentPackets:count,0.0,0.0
EmergencyLaneScenario.node[20].nic.mac1609_4,TimesIntoBackoff,34.0,0.0
EmergencyLaneScenario.node[27].nic.mac1609_4,DroppedPacketsInMac,0.0,0.0
EmergencyLaneScenario.node[30].appl,generatedWSAs,0.0,0.0
EmergencyLaneScenario.node[26].nic.mac1609_4,retriesExceeded:count,0.0,0.0
EmergencyLaneScenario.node[33].appl,generatedBSMs,14.0,0.0
EmergencyLaneScenario.node[6].appl,receivedWSMs,15.5,21.9203102168
EmergencyLaneScenario.node[10].veinsmobility,totalDistance,339.076024941,0.0
EmergencyLaneScenario.node[34].nic.mac1609_4,totalBusyTime,0.051511,0.0
EmergencyLaneScenario.node[22].nic.mac1609_4,SentAcknowledgements,0.0,0.0
EmergencyLaneScenario.node[32].veinsmobility,startTime,43.2,0.0
EmergencyLaneScenario.node[25].nic.mac1609_4,sentAcks:count,0.0,0.0
EmergencyLaneScenario.node[26].veinsmobility,maxSpeed,15.0464241497,0.0
EmergencyLaneScenario.node[23].nic.mac1609_4,ReceivedUnicastPackets,0.0,0.0
EmergencyLaneScenario.node[7].nic.mac1609_4,ReceivedBroadcasts,271.0,383.251875403
EmergencyLaneScenario.node[6].nic.mac1609_4,TimesIntoBackoff,26.0,36.7695526217
EmergencyLaneScenario.node[3].nic.mac1609_4,RXTXLostPackets,0.0,0.0
EmergencyLaneScenario.node[20].veinsmobility,minSpeed,0.975913282207,0.0
EmergencyLaneScenario.node[14].appl,generatedWSMs,0.0,0.0
EmergencyLaneScenario.node[6].appl,avgResponseTime,232.500034625,0.0
EmergencyLaneScenario.node[3].appl,receivedBSMs,593.0,838.628642487
EmergencyLaneScenario.node[2].appl,generatedWSAs,0.0,0.0
EmergencyLaneScenario.node[25].veinsmobility,maxSpeed,13.053116134,0.0
EmergencyLaneScenario.node[8].nic.mac1609_4,TooLittleTime,0.0,0.0
EmergencyLaneScenario.rsu[1].appl,receivedWSMs,0.0,0.0
EmergencyLaneScenario.node[21].veinsmobility,maxSpeed,18.0570544849,0.0
EmergencyLaneScenario.node[28].appl,generatedWSAs,0.0,0.0
EmergencyLaneScenario.node[7].nic.mac1609_4,SentAcknowledgements,0.0,0.0
EmergencyLaneScenario.node[11].nic.mac1609_4,channelBusy:timeavg,0.00221535234899,0.0
EmergencyLaneScenario.node[34].appl,receivedWSAs,0.0,0.0
EmergencyLaneScenario.node[4].nic.mac1609_4,TimesIntoBackoff,50.5,71.4177848998
EmergencyLaneScenario.node[24].veinsmobility,totalCO2Emission,27.9466518653,0.0
EmergencyLaneScenario.node[32].veinsmobility,totalCO2Emission,138.001802506,0.0
EmergencyLaneScenario.node[0].nic.mac1609_4,collisions:count,0.0,0.0
EmergencyLaneScenario.node[32].appl,emergencyMessagesReceived,0.0,0.0
EmergencyLaneScenario.node[10].nic.mac1609_4,TooLittleTime,0.0,0.0
EmergencyLaneScenario.node[5].appl,generatedBSMs,37.5,53.033008589
EmergencyLaneScenario.node[9].veinsmobility,totalCO2Emission,38.1530635579,53.2417887871
EmergencyLaneScenario.node[33].nic.mac1609_4,RetriesExceeded,0.0,0.0
EmergencyLaneScenario.node[18].appl,receivedBSMs,653.0,0.0
EmergencyLaneScenario.node[9].appl,receivedWSAs,0.0,0.0
EmergencyLaneScenario.node[23].nic.mac1609_4,channelBusy:timeavg,0.00279100961538,0.0
EmergencyLaneScenario.node[14].appl,receivedWSMs,5.0,0.0
EmergencyLaneScenario.node[13].nic.mac1609_4,collisions:count,0.0,0.0
EmergencyLaneScenario.node[31].nic.mac1609_4,RetriesExceeded,0.0,0.0
EmergencyLaneScenario.node[5].nic.mac1609_4,sentAcks:count,0.0,0.0
EmergencyLaneScenario.node[33].veinsmobility,startTime,48.0,0.0
EmergencyLaneScenario.node[7].veinsmobility,totalTime,18.1,17.9605122421
EmergencyLaneScenario.node[11].appl,avgResponseTime,39.000021752,0.0
EmergencyLaneScenario.node[6].nic.mac1609_4,SentAcknowledgements,0.0,0.0
EmergencyLaneScenario.node[3].veinsmobility,stopTime,45.5,32.3854905783
EmergencyLaneScenario.node[24].nic.mac1609_4,TooLittleTime,0.0,0.0
EmergencyLaneScenario.node[12].appl,receivedBSMs,842.0,0.0
EmergencyLaneScenario.node[24].nic.mac1609_4,retriesExceeded:count,0.0,0.0
EmergencyLaneScenario.node[18].nic.mac1609_4,RXTXLostPackets,0.0,0.0
EmergencyLaneScenario.node[27].nic.mac1609_4,sentPackets:count,96.0,0.0
EmergencyLaneScenario.node[9].appl,generatedBSMs,16.0,22.627416998
EmergencyLaneScenario.rsu[0].appl,receivedBSMs,779.5,1102.37947187
EmergencyLaneScenario.node[10].appl,generatedWSAs,0.0,0.0
EmergencyLaneScenario.node[5].appl,generatedWSAs,0.0,0.0
EmergencyLaneScenario.node[28].appl,generatedBSMs,48.0,0.0
EmergencyLaneScenario.node[13].veinsmobility,startTime,17.2,0.0
EmergencyLaneScenario.node[31].appl,receivedWSMs,0.0,0.0
EmergencyLaneScenario.node[26].veinsmobility,minSpeed,0.0,0.0
EmergencyLaneScenario.node[5].appl,emergencyMessagesReceived,0.5,0.707106781187
EmergencyLaneScenario.node[0].nic.mac1609_4,DroppedPacketsInMac,0.0,0.0
EmergencyLaneScenario.node[12].appl,avgResponseTime,27.4999366453,0.0
EmergencyLaneScenario.node[27].appl,generatedWSMs,0.0,0.0
EmergencyLaneScenario.node[21].nic.mac1609_4,TimesIntoBackoff,90.0,0.0
EmergencyLaneScenario.node[5].veinsmobility,stopTime,51.3,40.5879292401
EmergencyLaneScenario.node[7].nic.mac1609_4,NumInternalContention,0.0,0.0
EmergencyLaneScenario.node[3].veinsmobility,totalDistance,333.052619033,189.082188726
EmergencyLaneScenario.node[17].nic.mac1609_4,sentPackets:count,19.0,0.0
EmergencyLaneScenario.node[12].nic.mac1609_4,SNIRLostPackets,0.0,0.0
EmergencyLaneScenario.node[2].veinsmobility,totalCO2Emission,89.5225861076,58.8844990967
EmergencyLaneScenario.node[3].veinsmobility,totalCO2Emission,98.0779713629,73.5827093143
EmergencyLaneScenario.node[32].appl,laneChangesPerformed,0.0,0.0
EmergencyLaneScenario.node[19].nic.mac1609_4,DroppedPacketsInMac,0.0,0.0
EmergencyLaneScenario.node[16].appl,generatedWSMs,0.0,0.0
EmergencyLaneScenario.node[16].veinsmobility,totalTime,30.0,0.0
EmergencyLaneScenario.node[1].nic.mac1609_4,DroppedPacketsInMac,0.0,0.0
EmergencyLaneScenario.node[7].nic.mac1609_4,channelBusy:timeavg,0.00101498397436,0.00143540410213
EmergencyLaneScenario.node[1].veinsmobility,minSpeed,5.0,7.07106781187
EmergencyLaneScenario.rsu[1].nic.mac1609_4,RetriesExceeded,0.0,0.0
EmergencyLaneScenario.node[13].nic.mac1609_4,ReceivedBroadcasts,1044.0,0.0
EmergencyLaneScenario.node[15].veinsmobility,stopTime,48.4,0.0
EmergencyLaneScenario.node[5].appl,generatedWSMs,0.0,0.0
EmergencyLaneScenario.node[31].nic.mac1609_4,collisions:count,0.0,0.0
EmergencyLaneScenario.node[21].nic.mac1609_4,ReceivedBroadcasts,1172.0,0.0
EmergencyLaneScenario.node[16].nic.mac1609_4,totalBusyTime,0.078758,0.0
EmergencyLaneScenario.node[6].veinsmobility,totalTime,29.5,31.2541197284
EmergencyLaneScenario.node[1].nic.mac1609_4,TimesIntoBackoff,24.0,33.941125497
EmergencyLaneScenario.node[15].nic.mac1609_4,collisions:count,0.0,0.0
EmergencyLaneScenario.node[30].veinsmobility,stopTime,87.2,0.0
EmergencyLaneScenario.rsu[1].nic.mac1609_4,totalBusyTime,0.0,0.0
EmergencyLaneScenario.node[2].nic.mac1609_4,TimesIntoBackoff,29.5,41.71930009
EmergencyLaneScenario.node[17].veinsmobility,totalTime,18.0,0.0
EmergencyLaneScenario.node[2].nic.mac1609_4,sentAcks:count,0.0,0.0
EmergencyLaneScenario.node[26].nic.mac1609_4,ReceivedBroadcasts,899.0,0.0
EmergencyLaneScenario.node[25].veinsmobility,totalCO2Emission,71.4176971595,0.0
EmergencyLaneScenario.node[26].veinsmobility,stopTime,79.6,0.0
EmergencyLaneScenario.node[34].nic.mac1609_4,sentPackets:count,31.0,0.0
EmergencyLaneScenario.node[2].nic.mac1609_4,TooLittleTime,0.0,0.0
EmergencyLaneScenario.node[1].nic.mac1609_4,channelBusy:timeavg,0.00104425,0.00147679251251
EmergencyLaneScenario.node[27].veinsmobility,totalDistance,1320.64092259,0.0
EmergencyLaneScenario.node[3].appl,emergencyMessagesReceived,0.5,0.707106781187
EmergencyLaneScenario.node[22].nic.mac1609_4,channelBusy:timeavg,0.00267009493671,0.0
EmergencyLaneScenario.node[12].veinsmobility,totalTime,37.2,0.0
EmergencyLaneScenario.node[4].appl,emergencyMessagesReceived,0.5,0.707106781187
EmergencyLaneScenario.node[7].nic.mac1609_4,retriesExceeded:count,0.0,0.0
EmergencyLaneScenario.node[0].nic.mac1609_4,TotalLostPackets,0.0,0.0
EmergencyLaneScenario.node[29].appl,receivedWSMs,0.0,0.0
EmergencyLaneScenario.node[22].veinsmobility,totalTime,31.2,0.0
EmergencyLaneScenario.rsu[1].appl,totalEmergencyDuration,0.0,0.0
EmergencyLaneScenario.node[25].veinsmobility,totalTime,20.4,0.0
EmergencyLaneScenario.node[0].veinsmobility,totalDistance,214.415908083,106.202194958
EmergencyLaneScenario.node[13].nic.mac1609_4,DroppedPacketsInMac,0.0,0.0
EmergencyLaneScenario.node[13].appl,receivedWSMs,9.0,0.0
EmergencyLaneScenario.node[5].nic.mac1609_4,TotalLostPackets,4.0,5.65685424949
EmergencyLaneScenario.node[28].nic.mac1609_4,RXTXLostPackets,0.0,0.0
EmergencyLaneScenario.node[6].nic.mac1609_4,TotalLostPackets,0.0,0.0
EmergencyLaneScenario.node[3].nic.mac1609_4,SlotsBackoff,58.5,82.7314933988
EmergencyLaneScenario.node[1].nic.mac1609_4,NumInternalContention,0.0,0.0
EmergencyLaneScenario.node[10].appl,emergencyMessagesReceived,1.0,0.0
EmergencyLaneScenario.node[18].appl,generatedWSMs,0.0,0.0
EmergencyLaneScenario.node[29].nic.mac1609_4,DroppedPacketsInMac,0.0,0.0
EmergencyLaneScenario.node[19].nic.mac1609_4,NumInternalContention,0.0,0.0
EmergencyLaneScenario.node[21].veinsmobility,totalCO2Emission,227.274522797,0.0
EmergencyLaneScenario.node[23].nic.mac1609_4,sentAcks:count,0.0,0.0
EmergencyLaneScenario.node[32].appl,generatedWSMs,0.0,0.0
EmergencyLaneScenario.node[21].nic.phy80211p,busyTime,0.001373125,0.0
EmergencyLaneScenario.node[7].appl,laneChangesPerformed,0.0,0.0
EmergencyLaneScenario.node[18].nic.mac1609_4,SlotsBackoff,44.0,0.0
EmergencyLaneScenario.node[25].nic.mac1609_4,RXTXLostPackets,0.0,0.0
EmergencyLaneScenario.node[14].veinsmobility,stopTime,72.8,0.0
EmergencyLaneScenario.node[13].appl,laneChangesPerformed,0.0,0.0
EmergencyLaneScenario.node[4].nic.mac1609_4,NumInternalContention,0.0,0.0
EmergencyLaneScenario.node[2].veinsmobility,maxSpeed,14.189237261,0.523645550465
EmergencyLaneScenario.node[3].veinsmobility,maxSpeed,14.0816080103,0.309706556498
EmergencyLaneScenario.node[17].nic.mac1609_4,SentPackets,19.0,0.0
EmergencyLaneScenario.node[26].nic.mac1609_4,SentAcknowledgements,0.0,0.0
EmergencyLaneScenario.node[32].nic.mac1609_4,retriesExceeded:count,0.0,0.0
EmergencyLaneScenario.node[29].nic.mac1609_4,TooLittleTime,0.0,0.0
EmergencyLaneScenario.node[5].nic.mac1609_4,SlotsBackoff,65.5,92.6309883354
EmergencyLaneScenario.node[22].veinsmobility,totalDistance,533.739409045,0.0
EmergencyLaneScenario.node[9].nic.mac1609_4,TotalLostPackets,1.0,1.41421356237
EmergencyLaneScenario.node[4].nic.mac1609_4,totalBusyTime,0.0823705,0.116489478239
EmergencyLaneScenario.node[1].veinsmobility,maxSpeed,14.692372406,1.13488769795
EmergencyLaneScenario.node[28].nic.mac1609_4,retriesExceeded:count,0.0,0.0
EmergencyLaneScenario.node[19].nic.mac1609_4,TooLittleTime,0.0,0.0
EmergencyLaneScenario.node[20].nic.mac1609_4,TotalLostPackets,0.0,0.0
EmergencyLaneScenario.node[17].nic.mac1609_4,ReceivedBroadcasts,417.0,0.0
EmergencyLaneScenario.node[12].nic.mac1609_4,totalBusyTime,0.09411,0.0
EmergencyLaneScenario.node[13].nic.mac1609_4,RXTXLostPackets,0.0,0.0
EmergencyLaneScenario.node[16].nic.mac1609_4,SentPackets,30.0,0.0
EmergencyLaneScenario.node[25].nic.mac1609_4,RetriesExceeded,0.0,0.0
EmergencyLaneScenario.node[34].veinsmobility,minSpeed,0.0,0.0
EmergencyLaneScenario.node[25].nic.mac1609_4,NumInternalContention,0.0,0.0
EmergencyLaneScenario.node[17].veinsmobility,totalCO2Emission,38.9568645492,0.0
EmergencyLaneScenario.node[23].veinsmobility,totalCO2Emission,66.6933011365,0.0
EmergencyLaneScenario.node[21].appl,generatedBSMs,90.0,0.0
EmergencyLaneScenario.rsu[1].nic.mac1609_4,TimesIntoBackoff,0.0,0.0
EmergencyLaneScenario.node[23].veinsmobility,totalDistance,119.826869629,0.0
EmergencyLaneScenario.node[18].veinsmobility,minSpeed,0.981560482446,0.0
EmergencyLaneScenario.node[7].appl,avgResponseTime,203.000134671,0.0
EmergencyLaneScenario.rsu[1].appl,vehiclesServed,0.0,0.0
EmergencyLaneScenario.node[2].appl,emergencyMessagesReceived,0.5,0.707106781187
EmergencyLaneScenario.rsu[1].nic.mac1609_4,TooLittleTime,0.0,0.0
EmergencyLaneScenario.node[25].nic.mac1609_4,ReceivedUnicastPackets,0.0,0.0
EmergencyLaneScenario.node[28].veinsmobility,startTime,36.4,0.0
EmergencyLaneScenario.node[11].nic.mac1609_4,RXTXLostPackets,0.0,0.0
EmergencyLaneScenario.node[8].nic.mac1609_4,totalBusyTime,0.0614305,0.0868758462434
EmergencyLaneScenario.node[14].veinsmobility,minSpeed,0.0,0.0
EmergencyLaneScenario.node[6].veinsmobility,startTime,10.75,6.15182899632
EmergencyLaneScenario.node[9].nic.mac1609_4,SentPackets,16.0,22.627416998
EmergencyLaneScenario.node[1].nic.mac1609_4,SentAcknowledgements,0.0,0.0
EmergencyLaneScenario.node[4].nic.mac1609_4,SNIRLostPackets,4.5,6.36396103068
EmergencyLaneScenario.node[29].appl,emergencyMessagesReceived,0.0,0.0
EmergencyLaneScenario.node[17].nic.mac1609_4,TotalLostPackets,0.0,0.0
EmergencyLaneScenario.node[17].nic.mac1609_4,NumInternalContention,0.0,0.0
EmergencyLaneScenario.node[2].nic.mac1609_4,ReceivedBroadcasts,562.5,795.495128835
EmergencyLaneScenario.node[13].appl,generatedBSMs,48.0,0.0
EmergencyLaneScenario.node[28].nic.mac1609_4,sentAcks:count,0.0,0.0
EmergencyLaneScenario.node[27].appl,receivedWSMs,0.0,0.0
EmergencyLaneScenario.node[26].nic.mac1609_4,TimesIntoBackoff,47.0,0.0
EmergencyLaneScenario.node[7].nic.mac1609_4,TimesIntoBackoff,15.5,21.9203102168
EmergencyLaneScenario.node[22].appl,receivedWSMs,0.0,0.0
EmergencyLaneScenario.node[23].veinsmobility,stopTime,49.2,0.0
EmergencyLaneScenario.node[26].appl,emergencyMessagesReceived,0.0,0.0
EmergencyLaneScenario.node[8].appl,receivedWSAs,0.0,0.0
EmergencyLaneScenario.node[15].nic.mac1609_4,SentPackets,28.0,0.0
EmergencyLaneScenario.rsu[0].nic.mac1609_4,SlotsBackoff,0.0,0.0
EmergencyLaneScenario.node[21].nic.mac1609_4,sentAcks:count,0.0,0.0
EmergencyLaneScenario.node[29].appl,generatedBSMs,22.0,0.0
EmergencyLaneScenario.node[33].appl,receivedWSAs,0.0,0.0
EmergencyLaneScenario.node[17].appl,receivedWSMs,0.0,0.0
EmergencyLaneScenario.node[11].veinsmobility,totalCO2Emission,156.986488862,0.0
EmergencyLaneScenario.node[31].appl,generatedWSAs,0.0,0.0
EmergencyLaneScenario.node[10].nic.mac1609_4,SentPackets,43.0,0.0
EmergencyLaneScenario.node[5].nic.phy80211p,busyTime,0.000956310160428,0.00135242679871
EmergencyLaneScenario.node[25].veinsmobility,startTime,31.2,0.0
EmergencyLaneScenario.node[21].appl,emergencyMessagesReceived,0.0,0.0
EmergencyLaneScenario.node[30].veinsmobility,totalCO2Emission,152.920863793,0.0
EmergencyLaneScenario.node[25].nic.phy80211p,busyTime,0.002705,0.0
EmergencyLaneScenario.node[9].appl,receivedBSMs,318.0,449.719912835
EmergencyLaneScenario.node[30].veinsmobility,totalDistance,538.355338473,0.0
EmergencyLaneScenario.node[20].veinsmobility,maxSpeed,13.7005652464,0.0
EmergencyLaneScenario.node[23].nic.mac1609_4,TotalLostPackets,0.0,0.0
EmergencyLaneScenario.node[34].nic.mac1609_4,DroppedPacketsInMac,0.0,0.0
EmergencyLaneScenario.node[34].appl,receivedWSMs,0.0,0.0
EmergencyLaneScenario.node[10].nic.mac1609_4,retriesExceeded:count,0.0,0.0
EmergencyLaneScenario.node[17].veinsmobility,stopTime,40.8,0.0
EmergencyLaneScenario.node[16].appl,emergencyMessagesReceived,0.0,0.0
EmergencyLaneScenario.node[15].nic.mac1609_4,ReceivedUnicastPackets,0.0,0.0
EmergencyLaneScenario.node[13].nic.mac1609_4,NumInternalContention,0.0,0.0
EmergencyLaneScenario.node[18].nic.phy80211p,busyTime,0.00253402985075,0.0
EmergencyLaneScenario.node[13].nic.mac1609_4,TotalLostPackets,1.0,0.0
EmergencyLaneScenario.node[30].veinsmobility,minSpeed,0.912063082953,0.0
EmergencyLaneScenario.node[22].veinsmobility,startTime,27.2,0.0
EmergencyLaneScenario.rsu[0].nic.mac1609_4,ReceivedUnicastPackets,0.0,0.0
EmergencyLaneScenario.node[26].nic.mac1609_4,SNIRLostPackets,9.0,0.0
EmergencyLaneScenario.node[31].nic.mac1609_4,NumInternalContention,0.0,0.0
EmergencyLaneScenario.rsu[0].nic.mac1609_4,collisions:count,0.0,0.0
EmergencyLaneScenario.node[20].nic.phy80211p,busyTime,0.00253270588235,0.0
EmergencyLaneScenario.node[3].nic.mac1609_4,sentAcks:count,0.0,0.0
EmergencyLaneScenario.node[11].nic.mac1609_4,sentPackets:count,59.0,0.0
EmergencyLaneScenario.rsu[1].appl,receivedWSAs,0.0,0.0
EmergencyLaneScenario.node[3].appl,receivedWSAs,0.0,0.0
EmergencyLaneScenario.node[4].nic.mac1609_4,TotalLostPackets,4.5,6.36396103068
EmergencyLaneScenario.node[28].nic.mac1609_4,totalBusyTime,0.094792,0.0
EmergencyLaneScenario.node[9].appl,avgResponseTime,67.9999182677,0.0
EmergencyLaneScenario.node[13].veinsmobility,totalTime,47.2,0.0
EmergencyLaneScenario.node[1].veinsmobility,startTime,1.65,0.636396103068
EmergencyLaneScenario.rsu[1].nic.mac1609_4,SNIRLostPackets,0.0,0.0
EmergencyLaneScenario.node[23].appl,receivedWSAs,0.0,0.0
EmergencyLaneScenario.node[6].nic.mac1609_4,sentPackets:count,26.0,36.7695526217
EmergencyLaneScenario.node[22].appl,generatedWSAs,0.0,0.0
EmergencyLaneScenario.node[0].nic.mac1609_4,SNIRLostPackets,0.0,0.0
EmergencyLaneScenario.node[13].appl,generatedWSAs,0.0,0.0
EmergencyLaneScenario.node[7].appl,generatedBSMs,15.5,21.9203102168
EmergencyLaneScenario.rsu[0].appl,passengerVehicles,1559.0,0.0
EmergencyLaneScenario.node[1].veinsmobility,stopTime,35.9,18.8090403796
EmergencyLaneScenario.node[5].nic.mac1609_4,collisions:count,0.0,0.0
EmergencyLaneScenario.node[3].appl,generatedBSMs,32.5,45.9619407771
EmergencyLaneScenario.node[6].nic.mac1609_4,NumInternalContention,0.0,0.0
EmergencyLaneScenario.node[29].nic.mac1609_4,TotalLostPackets,0.0,0.0
EmergencyLaneScenario.node[24].veinsmobility,stopTime,36.8,0.0
EmergencyLaneScenario.node[32].veinsmobility,stopTime,77.6,0.0
EmergencyLaneScenario.node[5].veinsmobility,totalDistance,281.924486412,214.366616549
EmergencyLaneScenario.node[17].nic.mac1609_4,retriesExceeded:count,0.0,0.0
EmergencyLaneScenario.node[23].nic.mac1609_4,TimesIntoBackoff,21.0,0.0
EmergencyLaneScenario.node[3].nic.mac1609_4,DroppedPacketsInMac,0.0,0.0
EmergencyLaneScenario.node[8].nic.mac1609_4,SentAcknowledgements,0.0,0.0
EmergencyLaneScenario.node[22].nic.mac1609_4,SentPackets,31.0,0.0
EmergencyLaneScenario.node[18].appl,generatedBSMs,27.0,0.0
EmergencyLaneScenario.node[8].nic.mac1609_4,DroppedPacketsInMac,0.0,0.0
EmergencyLaneScenario.node[16].nic.mac1609_4,TotalLostPackets,0.0,0.0
EmergencyLaneScenario.node[0].nic.mac1609_4,sentAcks:count,0.0,0.0
EmergencyLaneScenario.node[12].appl,receivedWSMs,11.0,0.0
EmergencyLaneScenario.node[9].nic.mac1609_4,sentPackets:count,16.0,22.627416998
EmergencyLaneScenario.node[12].appl,laneChangesPerformed,0.0,0.0
EmergencyLaneScenario.node[22].nic.mac1609_4,NumInternalContention,0.0,0.0
EmergencyLaneScenario.node[33].nic.phy80211p,busyTime,0.00232470588235,0.0
EmergencyLaneScenario.node[34].veinsmobility,stopTime,82.0,0.0
EmergencyLaneScenario.node[11].veinsmobility,totalDistance,373.878369601,0.0
EmergencyLaneScenario.node[30].nic.mac1609_4,NumInternalContention,0.0,0.0
EmergencyLaneScenario.node[28].nic.mac1609_4,DroppedPacketsInMac,0.0,0.0
EmergencyLaneScenario.node[15].appl,emergencyMessagesReceived,1.0,0.0
EmergencyLaneScenario.node[33].nic.mac1609_4,TimesIntoBackoff,14.0,0.0
EmergencyLaneScenario.node[9].nic.mac1609_4,collisions:count,0.0,0.0
EmergencyLaneScenario.node[23].nic.phy80211p,busyTime,0.002685,0.0
EmergencyLaneScenario.node[27].nic.mac1609_4,TooLittleTime,0.0,0.0
EmergencyLaneScenario.node[14].nic.mac1609_4,channelBusy:timeavg,0.00227919776119,0.0
EmergencyLaneScenario.node[17].veinsmobility,minSpeed,0.0,0.0
EmergencyLaneScenario.node[17].nic.mac1609_4,channelBusy:timeavg,0.00246538043478,0.0
EmergencyLaneScenario.node[27].appl,generatedWSAs,0.0,0.0
EmergencyLaneScenario.node[18].appl,laneChangesPerformed,0.0,0.0
EmergencyLaneScenario.node[1].nic.mac1609_4,ReceivedBroadcasts,432.5,611.647365726
EmergencyLaneScenario.rsu[1].nic.mac1609_4,NumInternalContention,0.0,0.0
EmergencyLaneScenario.node[11].appl,generatedWSAs,0.0,0.0
EmergencyLaneScenario.node[2].nic.mac1609_4,retriesExceeded:count,0.0,0.0
EmergencyLaneScenario.node[22].nic.mac1609_4,RetriesExceeded,0.0,0.0
EmergencyLaneScenario.node[1].appl,avgResponseTime,410.000025404,0.0
EmergencyLaneScenario.node[4].appl,receivedWSAs,0.0,0.0
EmergencyLaneScenario.node[24].nic.mac1609_4,totalBusyTime,0.017167,0.0
EmergencyLaneScenario.node[10].nic.mac1609_4,TotalLostPackets,0.0,0.0
EmergencyLaneScenario.node[7].veinsmobility,totalDistance,81.8626774816,45.0323081535
EmergencyLaneScenario.node[28].nic.mac1609_4,TooLittleTime,0.0,0.0
EmergencyLaneScenario.node[25].nic.mac1609_4,TooLittleTime,0.0,0.0
EmergencyLaneScenario.node[23].appl,generatedBSMs,21.0,0.0
EmergencyLaneScenario.node[32].veinsmobility,totalTime,34.0,0.0
EmergencyLaneScenario.node[13].veinsmobility,stopTime,64.8,0.0
EmergencyLaneScenario.node[3].nic.mac1609_4,collisions:count,0.0,0.0
EmergencyLaneScenario.node[25].nic.mac1609_4,SentAcknowledgements,0.0,0.0
EmergencyLaneScenario.node[30].nic.mac1609_4,ReceivedUnicastPackets,0.0,0.0
EmergencyLaneScenario.node[31].nic.mac1609_4,TimesIntoBackoff,44.0,0.0
EmergencyLaneScenario.node[24].appl,emergencyMessagesReceived,0.0,0.0
EmergencyLaneScenario.node[26].nic.mac1609_4,NumInternalContention,0.0,0.0
EmergencyLaneScenario.node[6].nic.mac1609_4,collisions:count,0.0,0.0
EmergencyLaneScenario.node[26].nic.mac1609_4,TotalLostPackets,9.0,0.0
EmergencyLaneScenario.node[9].nic.mac1609_4,SlotsBackoff,22.5,31.8198051534
EmergencyLaneScenario.node[25].appl,receivedWSMs,0.0,0.0
EmergencyLaneScenario.node[34].appl,generatedWSAs,0.0,0.0
EmergencyLaneScenario.node[4].appl,generatedBSMs,50.5,71.4177848998
EmergencyLaneScenario.node[15].appl,avgResponseTime,1.50000368936,0.0
EmergencyLaneScenario.node[28].nic.mac1609_4,channelBusy:timeavg,0.00195851239669,0.0
EmergencyLaneScenario.node[2].nic.mac1609_4,SNIRLostPackets,0.0,0.0
EmergencyLaneScenario.node[5].nic.mac1609_4,ReceivedUnicastPackets,0.0,0.0
EmergencyLaneScenario.node[9].nic.mac1609_4,channelBusy:timeavg,0.00116544303797,0.00164818535048
EmergencyLaneScenario.node[0].appl,generatedWSMs,21.5,30.405591591
EmergencyLaneScenario.node[18].nic.mac1609_4,retriesExceeded:count,0.0,0.0
EmergencyLaneScenario.node[10].nic.mac1609_4,ReceivedBroadcasts,967.0,0.0
EmergencyLaneScenario.node[32].nic.mac1609_4,sentPackets:count,34.0,0.0
EmergencyLaneScenario.node[19].nic.mac1609_4,ReceivedUnicastPackets,0.0,0.0
EmergencyLaneScenario.node[26].nic.phy80211p,busyTime,0.00203517241379,0.0
EmergencyLaneScenario.node[32].nic.mac1609_4,TimesIntoBackoff,34.0,0.0
EmergencyLaneScenario.rsu[1].appl,receivedBSMs,0.0,0.0
EmergencyLaneScenario.node[27].appl,laneChangesPerformed,0.0,0.0
EmergencyLaneScenario.node[14].nic.mac1609_4,TimesIntoBackoff,53.0,0.0
EmergencyLaneScenario.node[1].nic.phy80211p,busyTime,0.00099175,0.00140254630048
EmergencyLaneScenario.node[27].veinsmobility,minSpeed,0.919861793922,0.0
EmergencyLaneScenario.node[17].veinsmobility,startTime,22.4,0.0
EmergencyLaneScenario.node[15].veinsmobility,totalTime,27.6,0.0
EmergencyLaneScenario.node[4].appl,laneChangesPerformed,0.0,0.0
EmergencyLaneScenario.node[16].nic.mac1609_4,RXTXLostPackets,0.0,0.0
EmergencyLaneScenario.node[24].appl,generatedWSAs,0.0,0.0
EmergencyLaneScenario.node[10].veinsmobility,totalCO2Emission,159.281058265,0.0
EmergencyLaneScenario.node[29].nic.mac1609_4,retriesExceeded:count,0.0,0.0
EmergencyLaneScenario.node[31].nic.phy80211p,busyTime,0.00169119266055,0.0
EmergencyLaneScenario.rsu[1].nic.mac1609_4,SentAcknowledgements,0.0,0.0
EmergencyLaneScenario.node[18].veinsmobility,maxSpeed,13.9758765584,0.0
EmergencyLaneScenario.node[32].appl,receivedWSMs,0.0,0.0
EmergencyLaneScenario.node[0].appl,emergencyMessagesReceived,0.0,0.0
EmergencyLaneScenario.node[17].nic.mac1609_4,SNIRLostPackets,0.0,0.0
EmergencyLaneScenario.node[13].nic.phy80211p,busyTime,0.00230739495798,0.0
EmergencyLaneScenario.node[22].nic.mac1609_4,DroppedPacketsInMac,0.0,0.0
EmergencyLaneScenario.node[11].nic.phy80211p,busyTime,0.00211140939597,0.0
EmergencyLaneScenario.rsu[0].appl,emergencyVehiclesDetected,0.0,0.0
EmergencyLaneScenario.rsu[0].appl,totalRevenue,3897.5,0.0
EmergencyLaneScenario.node[29].veinsmobility,minSpeed,1.32315745476,0.0
EmergencyLaneScenario.node[8].nic.mac1609_4,NumInternalContention,0.0,0.0
EmergencyLaneScenario.node[11].veinsmobility,maxSpeed,15.6240304349,0.0
EmergencyLaneScenario.node[17].veinsmobility,totalDistance,51.7931052312,0.0
EmergencyLaneScenario.node[15].nic.mac1609_4,SentAcknowledgements,0.0,0.0
EmergencyLaneScenario.node[15].veinsmobility,startTime,20.4,0.0
EmergencyLaneScenario.node[33].nic.mac1609_4,collisions:count,0.0,0.0
EmergencyLaneScenario.node[0].nic.mac1609_4,RetriesExceeded,0.0,0.0
EmergencyLaneScenario.node[21].nic.mac1609_4,SentAcknowledgements,0.0,0.0
EmergencyLaneScenario.node[23].nic.mac1609_4,RXTXLostPackets,0.0,0.0
EmergencyLaneScenario.node[26].appl,generatedWSAs,0.0,0.0
EmergencyLaneScenario.rsu[1].nic.mac1609_4,retriesExceeded:count,0.0,0.0
EmergencyLaneScenario.node[28].veinsmobility,stopTime,84.8,0.0
EmergencyLaneScenario.node[13].appl,receivedBSMs,1035.0,0.0
EmergencyLaneScenario.node[33].appl,receivedBSMs,304.0,0.0
EmergencyLaneScenario.node[7].appl,receivedBSMs,256.5,362.745778749
EmergencyLaneScenario.node[0].veinsmobility,totalTime,21.6,1.1313708499
EmergencyLaneScenario.node[33].nic.mac1609_4,DroppedPacketsInMac,0.0,0.0
EmergencyLaneScenario.node[0].appl,receivedWSAs,0.0,0.0
EmergencyLaneScenario.node[23].nic.mac1609_4,SlotsBackoff,32.0,0.0
EmergencyLaneScenario.node[18].nic.mac1609_4,SentAcknowledgements,0.0,0.0
EmergencyLaneScenario.node[7].nic.mac1609_4,totalBusyTime,0.0316675,0.0447846079864
EmergencyLaneScenario.node[0].nic.mac1609_4,SlotsBackoff,52.5,74.2462120246
EmergencyLaneScenario.node[27].nic.mac1609_4,SentPackets,96.0,0.0
EmergencyLaneScenario.node[25].nic.mac1609_4,sentPackets:count,21.0,0.0
EmergencyLaneScenario.node[6].nic.mac1609_4,TooLittleTime,0.0,0.0
EmergencyLaneScenario.node[19].appl,emergencyMessagesReceived,0.0,0.0
EmergencyLaneScenario.node[13].nic.mac1609_4,sentAcks:count,0.0,0.0
EmergencyLaneScenario.node[7].nic.mac1609_4,RetriesExceeded,0.0,0.0
EmergencyLaneScenario.node[20].nic.mac1609_4,sentAcks:count,0.0,0.0
EmergencyLaneScenario.node[33].veinsmobility,minSpeed,1.00911972975,0.0
EmergencyLaneScenario.node[8].nic.mac1609_4,TimesIntoBackoff,26.5,37.4766594029
EmergencyLaneScenario.node[20].nic.mac1609_4,ReceivedUnicastPackets,0.0,0.0
EmergencyLaneScenario.node[1].appl,receivedBSMs,412.0,582.655987698
EmergencyLaneScenario.node[25].veinsmobility,stopTime,52.0,0.0
EmergencyLaneScenario.node[4].appl,generatedWSMs,0.0,0.0
EmergencyLaneScenario.node[31].nic.mac1609_4,SentPackets,44.0,0.0
EmergencyLaneScenario.node[24].nic.mac1609_4,SentPackets,7.0,0.0
EmergencyLaneScenario.node[18].nic.mac1609_4,SNIRLostPackets,0.0,0.0
EmergencyLaneScenario.node[6].veinsmobility,maxSpeed,16.952561284,5.60202365012
EmergencyLaneScenario.node[4].nic.mac1609_4,TooLittleTime,0.0,0.0
EmergencyLaneScenario.node[26].nic.mac1609_4,channelBusy:timeavg,0.00214153017241,0.0
EmergencyLaneScenario.node[11].veinsmobility,minSpeed,0.0,0.0
EmergencyLaneScenario.node[15].nic.mac1609_4,TooLittleTime,0.0,0.0
EmergencyLaneScenario.node[17].nic.mac1609_4,SentAcknowledgements,0.0,0.0
EmergencyLaneScenario.node[23].appl,receivedBSMs,537.0,0.0
EmergencyLaneScenario.rsu[0].appl,revenuePerVehicle,2.5,0.0
EmergencyLaneScenario.node[17].nic.mac1609_4,totalBusyTime,0.045363,0.0
EmergencyLaneScenario.node[14].nic.mac1609_4,SlotsBackoff,59.0,0.0
EmergencyLaneScenario.node[12].nic.mac1609_4,TimesIntoBackoff,38.0,0.0
EmergencyLaneScenario.node[34].veinsmobility,totalDistance,200.853020303,0.0
EmergencyLaneScenario.node[20].nic.mac1609_4,ReceivedBroadcasts,828.0,0.0
EmergencyLaneScenario.node[1].nic.mac1609_4,TooLittleTime,0.0,0.0
EmergencyLaneScenario.node[20].nic.mac1609_4,SentAcknowledgements,0.0,0.0
EmergencyLaneScenario.node[8].appl,receivedWSMs,10.5,14.8492424049
EmergencyLaneScenario.node[30].nic.mac1609_4,SentAcknowledgements,0.0,0.0
EmergencyLaneScenario.node[4].veinsmobility,totalCO2Emission,130.145763515,137.458443293
EmergencyLaneScenario.node[9].veinsmobility,minSpeed,5.0,7.07106781187
EmergencyLaneScenario.node[34].nic.mac1609_4,NumInternalContention,0.0,0.0
EmergencyLaneScenario.node[32].appl,receivedWSAs,0.0,0.0
EmergencyLaneScenario.node[32].nic.mac1609_4,totalBusyTime,0.06909,0.0
EmergencyLaneScenario.node[25].veinsmobility,totalDistance,171.152236739,0.0
EmergencyLaneScenario.node[28].nic.mac1609_4,RetriesExceeded,0.0,0.0
EmergencyLaneScenario.node[4].veinsmobility,totalDistance,309.011086672,236.870545577
EmergencyLaneScenario.node[14].nic.mac1609_4,totalBusyTime,0.122165,0.0
EmergencyLaneScenario.node[4].nic.mac1609_4,retriesExceeded:count,0.0,0.0
EmergencyLaneScenario.node[16].appl,generatedWSAs,0.0,0.0
EmergencyLaneScenario.node[21].nic.mac1609_4,SentPackets,90.0,0.0
EmergencyLaneScenario.rsu[1].appl,generatedWSAs,0.0,0.0
EmergencyLaneScenario.node[9].appl,laneChangesPerformed,0.0,0.0
EmergencyLaneScenario.node[16].nic.mac1609_4,sentAcks:count,0.0,0.0
EmergencyLaneScenario.node[22].nic.mac1609_4,ReceivedUnicastPackets,0.0,0.0
EmergencyLaneScenario.node[12].nic.mac1609_4,retriesExceeded:count,0.0,0.0
EmergencyLaneScenario.node[19].appl,generatedBSMs,102.0,0.0
EmergencyLaneScenario.node[21].nic.mac1609_4,RetriesExceeded,0.0,0.0
EmergencyLaneScenario.node[16].nic.mac1609_4,DroppedPacketsInMac,0.0,0.0
EmergencyLaneScenario.node[25].nic.mac1609_4,SNIRLostPackets,0.0,0.0
EmergencyLaneScenario.node[13].veinsmobility,totalCO2Emission,94.398313812,0.0
EmergencyLaneScenario.node[16].nic.mac1609_4,TimesIntoBackoff,30.0,0.0
EmergencyLaneScenario.node[16].veinsmobility,stopTime,52.0,0.0
EmergencyLaneScenario.rsu[0].nic.mac1609_4,sentAcks:count,0.0,0.0
EmergencyLaneScenario.node[8].appl,laneChangesPerformed,0.0,0.0
EmergencyLaneScenario.node[13].appl,emergencyMessagesReceived,1.0,0.0
EmergencyLaneScenario.node[21].veinsmobility,startTime,26.4,0.0
EmergencyLaneScenario.node[5].veinsmobility,minSpeed,5.0,7.07106781187
EmergencyLaneScenario.node[9].nic.mac1609_4,SNIRLostPackets,1.0,1.41421356237
EmergencyLaneScenario.node[30].nic.mac1609_4,retriesExceeded:count,0.0,0.0
EmergencyLaneScenario.node[27].veinsmobility,startTime,35.2,0.0
EmergencyLaneScenario.node[26].nic.mac1609_4,TooLittleTime,0.0,0.0
EmergencyLaneScenario.node[9].nic.phy80211p,busyTime,0.00111227848101,0.00157299931298
EmergencyLaneScenario.node[1].nic.mac1609_4,SentPackets,24.0,33.941125497
EmergencyLaneScenario.node[9].appl,receivedWSMs,8.5,12.0208152802
EmergencyLaneScenario.node[29].nic.phy80211p,busyTime,0.00255745454545,0.0
EmergencyLaneScenario.node[24].nic.mac1609_4,SentAcknowledgements,0.0,0.0
EmergencyLaneScenario.node[16].appl,generatedBSMs,30.0,0.0
EmergencyLaneScenario.node[17].nic.mac1609_4,TooLittleTime,0.0,0.0
EmergencyLaneScenario.node[2].veinsmobility,stopTime,41.9,27.2943217538
EmergencyLaneScenario.node[33].veinsmobility,stopTime,61.6,0.0
EmergencyLaneScenario.node[3].appl,generatedWSMs,0.0,0.0
EmergencyLaneScenario.node[13].appl,generatedWSMs,0.0,0.0
EmergencyLaneScenario.node[24].veinsmobility,totalDistance,40.9364220651,0.0
EmergencyLaneScenario.node[16].veinsmobility,totalCO2Emission,54.4987493181,0.0
EmergencyLaneScenario.node[30].appl,emergencyMessagesReceived,0.0,0.0
EmergencyLaneScenario.node[19].nic.mac1609_4,SentPackets,102.0,0.0
EmergencyLaneScenario.node[12].veinsmobility,totalCO2Emission,111.908563471,0.0
EmergencyLaneScenario.node[24].nic.mac1609_4,sentAcks:count,0.0,0.0
EmergencyLaneScenario.node[18].nic.mac1609_4,TimesIntoBackoff,27.0,0.0
EmergencyLaneScenario.node[27].nic.mac1609_4,SlotsBackoff,137.0,0.0
EmergencyLaneScenario.node[18].nic.mac1609_4,totalBusyTime,0.070747,0.0
EmergencyLaneScenario.node[19].nic.mac1609_4,ReceivedBroadcasts,1219.0,0.0
EmergencyLaneScenario.node[5].nic.mac1609_4,SNIRLostPackets,4.0,5.65685424949
EmergencyLaneScenario.rsu[0].appl,generatedBSMs,0.0,0.0
EmergencyLaneScenario.node[4].nic.phy80211p,busyTime,0.000758543307087,0.00107274223253
EmergencyLaneScenario.node[32].nic.mac1609_4,RetriesExceeded,0.0,0.0
EmergencyLaneScenario.node[2].nic.mac1609_4,TotalLostPackets,0.0,0.0
EmergencyLaneScenario.node[22].nic.mac1609_4,SlotsBackoff,48.0,0.0
EmergencyLaneScenario.node[5].nic.mac1609_4,RXTXLostPackets,0.0,0.0
EmergencyLaneScenario.node[18].nic.mac1609_4,DroppedPacketsInMac,0.0,0.0
EmergencyLaneScenario.manager,roiArea,0.0,0.0
EmergencyLaneScenario.node[14].veinsmobility,totalCO2Emission,286.288386029,0.0
EmergencyLaneScenario.node[9].veinsmobility,maxSpeed,12.3138568059,3.27228767626
EmergencyLaneScenario.node[2].nic.phy80211p,busyTime,0.00103734693878,0.0014670301097
EmergencyLaneScenario.node[1].appl,generatedWSMs,0.0,0.0
EmergencyLaneScenario.node[28].nic.mac1609_4,SNIRLostPackets,7.0,0.0
EmergencyLaneScenario.node[10].nic.mac1609_4,totalBusyTime,0.107003,0.0
EmergencyLaneScenario.node[14].veinsmobility,totalDistance,929.20898176,0.0
EmergencyLaneScenario.node[24].nic.mac1609_4,TimesIntoBackoff,7.0,0.0
EmergencyLaneScenario.node[19].appl,laneChangesPerformed,0.0,0.0
EmergencyLaneScenario.node[0].nic.mac1609_4,RXTXLostPackets,0.0,0.0
EmergencyLaneScenario.node[3].appl,laneChangesPerformed,0.0,0.0
EmergencyLaneScenario.node[7].nic.mac1609_4,collisions:count,0.0,0.0
EmergencyLaneScenario.node[29].nic.mac1609_4,SentPackets,22.0,0.0
EmergencyLaneScenario.node[24].appl,generatedWSMs,0.0,0.0
EmergencyLaneScenario.node[15].veinsmobility,totalCO2Emission,84.6558532123,0.0
EmergencyLaneScenario.rsu[0].appl,generatedWSMs,0.0,0.0
EmergencyLaneScenario.node[18].nic.mac1609_4,TooLittleTime,0.0,0.0
EmergencyLaneScenario.node[25].nic.mac1609_4,TotalLostPackets,0.0,0.0
EmergencyLaneScenario.node[0].nic.mac1609_4,SentAcknowledgements,0.0,0.0
EmergencyLaneScenario.node[28].nic.mac1609_4,sentPackets:count,48.0,0.0
EmergencyLaneScenario.node[25].appl,laneChangesPerformed,0.0,0.0
EmergencyLaneScenario.rsu[0].nic.mac1609_4,DroppedPacketsInMac,0.0,0.0
EmergencyLaneScenario.node[5].appl,receivedWSMs,16.5,23.3345237792
EmergencyLaneScenario.node[9].nic.mac1609_4,RXTXLostPackets,0.0,0.0
EmergencyLaneScenario.node[3].nic.mac1609_4,sentPackets:count,32.5,45.9619407771
EmergencyLaneScenario.node[23].nic.mac1609_4,NumInternalContention,0.0,0.0
EmergencyLaneScenario.node[32].appl,receivedBSMs,623.0,0.0
EmergencyLaneScenario.node[17].appl,emergencyMessagesReceived,0.0,0.0
EmergencyLaneScenario.node[16].nic.mac1609_4,RetriesExceeded,0.0,0.0
EmergencyLaneScenario.node[18].nic.mac1609_4,sentPackets:count,27.0,0.0
EmergencyLaneScenario.node[21].nic.mac1609_4,sentPackets:count,90.0,0.0
EmergencyLaneScenario.node[21].appl,receivedWSAs,0.0,0.0
EmergencyLaneScenario.node[22].nic.mac1609_4,sentAcks:count,0.0,0.0
EmergencyLaneScenario.node[18].appl,receivedWSMs,0.0,0.0
EmergencyLaneScenario.node[27].nic.mac1609_4,ReceivedUnicastPackets,0.0,0.0
EmergencyLaneScenario.node[10].nic.mac1609_4,RXTXLostPackets,0.0,0.0
EmergencyLaneScenario.node[10].appl,generatedBSMs,43.0,0.0
EmergencyLaneScenario.node[22].nic.mac1609_4,TimesIntoBackoff,31.0,0.0
EmergencyLaneScenario.node[7].nic.mac1609_4,SlotsBackoff,22.0,31.1126983722
EmergencyLaneScenario.rsu[0].nic.mac1609_4,RXTXLostPackets,0.0,0.0
EmergencyLaneScenario.node[22].nic.mac1609_4,SNIRLostPackets,4.0,0.0
EmergencyLaneScenario.node[34].veinsmobility,totalTime,30.8,0.0
EmergencyLaneScenario.node[31].veinsmobility,stopTime,86.0,0.0
EmergencyLaneScenario.node[5].appl,receivedBSMs,647.0,914.996174855
EmergencyLaneScenario.node[5].appl,avgResponseTime,264.000101381,0.0
EmergencyLaneScenario.node[16].veinsmobility,maxSpeed,9.33090935987,0.0
EmergencyLaneScenario.node[11].nic.mac1609_4,SlotsBackoff,74.0,0.0
EmergencyLaneScenario.node[20].veinsmobility,totalDistance,332.681680864,0.0
EmergencyLaneScenario.node[2].veinsmobility,totalTime,37.9,28.9913780286
EmergencyLaneScenario.node[16].nic.mac1609_4,SlotsBackoff,50.0,0.0
EmergencyLaneScenario.node[14].nic.mac1609_4,SentAcknowledgements,0.0,0.0
EmergencyLaneScenario.node[30].nic.mac1609_4,RetriesExceeded,0.0,0.0
EmergencyLaneScenario.node[20].nic.mac1609_4,SlotsBackoff,49.0,0.0
EmergencyLaneScenario.node[17].appl,generatedWSMs,0.0,0.0
EmergencyLaneScenario.node[34].appl,receivedBSMs,457.0,0.0
EmergencyLaneScenario.node[8].appl,generatedBSMs,26.5,37.4766594029
EmergencyLaneScenario.node[10].nic.mac1609_4,RetriesExceeded,0.0,0.0
EmergencyLaneScenario.rsu[0].appl,emergencyExempted,43.0,0.0
EmergencyLaneScenario.node[22].appl,emergencyMessagesReceived,0.0,0.0
EmergencyLaneScenario.node[18].nic.mac1609_4,SentPackets,27.0,0.0
EmergencyLaneScenario.node[25].nic.mac1609_4,SlotsBackoff,28.0,0.0
EmergencyLaneScenario.node[28].nic.mac1609_4,TotalLostPackets,7.0,0.0
EmergencyLaneScenario.node[19].appl,generatedWSMs,0.0,0.0
EmergencyLaneScenario.node[2].nic.mac1609_4,RetriesExceeded,0.0,0.0
EmergencyLaneScenario.node[27].nic.mac1609_4,sentAcks:count,0.0,0.0
EmergencyLaneScenario.node[20].nic.mac1609_4,RXTXLostPackets,0.0,0.0
EmergencyLaneScenario.node[8].nic.mac1609_4,RXTXLostPackets,0.0,0.0
EmergencyLaneScenario.node[0].nic.mac1609_4,NumInternalContention,0.0,0.0
EmergencyLaneScenario.node[12].veinsmobility,startTime,16.4,0.0
EmergencyLaneScenario.node[33].nic.mac1609_4,TotalLostPackets,0.0,0.0
EmergencyLaneScenario.node[5].nic.mac1609_4,SentPackets,37.5,53.033008589
EmergencyLaneScenario.node[2].nic.mac1609_4,totalBusyTime,0.0640935,0.09064189696
EmergencyLaneScenario.node[11].appl,receivedWSMs,13.0,0.0
EmergencyLaneScenario.node[10].nic.mac1609_4,sentPackets:count,43.0,0.0
EmergencyLaneScenario.node[6].nic.mac1609_4,totalBusyTime,0.059418,0.0840297414491
EmergencyLaneScenario.node[23].veinsmobility,minSpeed,0.0,0.0
EmergencyLaneScenario.rsu[0].appl,vehiclesServed,0.0,0.0
EmergencyLaneScenario.node[23].nic.mac1609_4,SentAcknowledgements,0.0,0.0
EmergencyLaneScenario.node[22].veinsmobility,stopTime,58.8,0.0
EmergencyLaneScenario.node[34].nic.phy80211p,busyTime,0.00154666666667,0.0
EmergencyLaneScenario.node[15].nic.phy80211p,busyTime,0.00245771428571,0.0
EmergencyLaneScenario.node[3].nic.mac1609_4,totalBusyTime,0.0693765,0.09811318721
EmergencyLaneScenario.node[19].nic.mac1609_4,sentAcks:count,0.0,0.0
EmergencyLaneScenario.node[11].veinsmobility,startTime,15.2,0.0
EmergencyLaneScenario.node[16].nic.mac1609_4,SentAcknowledgements,0.0,0.0
EmergencyLaneScenario.node[27].nic.mac1609_4,channelBusy:timeavg,0.00117966666667,0.0
EmergencyLaneScenario.node[24].nic.mac1609_4,SlotsBackoff,8.0,0.0
EmergencyLaneScenario.node[10].nic.mac1609_4,TimesIntoBackoff,43.0,0.0
EmergencyLaneScenario.node[27].veinsmobility,totalCO2Emission,446.715824159,0.0
EmergencyLaneScenario.node[33].veinsmobility,totalDistance,73.4640578235,0.0
EmergencyLaneScenario.node[19].appl,receivedWSAs,0.0,0.0
EmergencyLaneScenario.node[11].nic.mac1609_4,collisions:count,0.0,0.0
EmergencyLaneScenario.node[27].nic.phy80211p,busyTime,0.00107466666667,0.0
EmergencyLaneScenario.node[18].appl,emergencyMessagesReceived,0.0,0.0
EmergencyLaneScenario.node[29].nic.mac1609_4,SNIRLostPackets,0.0,0.0
EmergencyLaneScenario.rsu[0].nic.mac1609_4,sentPackets:count,0.0,0.0
EmergencyLaneScenario.node[12].nic.mac1609_4,ReceivedUnicastPackets,0.0,0.0
EmergencyLaneScenario.node[32].nic.mac1609_4,collisions:count,0.0,0.0
EmergencyLaneScenario.node[27].appl,generatedBSMs,96.0,0.0
EmergencyLaneScenario.node[14].nic.mac1609_4,ReceivedBroadcasts,1020.0,0.0
EmergencyLaneScenario.node[24].nic.mac1609_4,RXTXLostPackets,0.0,0.0
EmergencyLaneScenario.node[11].nic.mac1609_4,ReceivedBroadcasts,1188.0,0.0
EmergencyLaneScenario.node[9].nic.mac1609_4,totalBusyTime,0.036828,0.0520826570751
EmergencyLaneScenario.node[0].nic.mac1609_4,TimesIntoBackoff,32.0,45.2548339959
EmergencyLaneScenario.node[13].appl,avgResponseTime,17.9999760429,0.0
EmergencyLaneScenario.node[34].nic.mac1609_4,sentAcks:count,0.0,0.0
EmergencyLaneScenario.node[18].nic.mac1609_4,channelBusy:timeavg,0.00263981343284,0.0
EmergencyLaneScenario.node[26].nic.mac1609_4,collisions:count,0.0,0.0
EmergencyLaneScenario.node[26].nic.mac1609_4,DroppedPacketsInMac,0.0,0.0
EmergencyLaneScenario.node[27].nic.mac1609_4,totalBusyTime,0.113248,0.0
EmergencyLaneScenario.node[32].nic.mac1609_4,RXTXLostPackets,0.0,0.0
EmergencyLaneScenario.node[9].nic.mac1609_4,RetriesExceeded,0.0,0.0
EmergencyLaneScenario.node[29].nic.mac1609_4,RetriesExceeded,0.0,0.0
EmergencyLaneScenario.node[28].appl,emergencyMessagesReceived,0.0,0.0
EmergencyLaneScenario.node[17].nic.mac1609_4,ReceivedUnicastPackets,0.0,0.0
EmergencyLaneScenario.node[8].nic.mac1609_4,ReceivedUnicastPackets,0.0,0.0
EmergencyLaneScenario.node[11].appl,laneChangesPerformed,0.0,0.0
EmergencyLaneScenario.node[8].veinsmobility,minSpeed,5.0,7.07106781187
EmergencyLaneScenario.node[6].appl,generatedWSMs,0.0,0.0
EmergencyLaneScenario.node[3].nic.mac1609_4,TimesIntoBackoff,32.5,45.9619407771
EmergencyLaneScenario.node[23].appl,receivedWSMs,0.0,0.0
EmergencyLaneScenario.node[6].appl,receivedWSAs,0.0,0.0
EmergencyLaneScenario.node[11].nic.mac1609_4,SNIRLostPackets,6.0,0.0
EmergencyLaneScenario.node[12].nic.mac1609_4,SentPackets,38.0,0.0
EmergencyLaneScenario.node[24].nic.mac1609_4,sentPackets:count,7.0,0.0
EmergencyLaneScenario.node[14].nic.mac1609_4,TotalLostPackets,95.0,0.0
EmergencyLaneScenario.node[20].appl,receivedBSMs,828.0,0.0
EmergencyLaneScenario.node[17].veinsmobility,maxSpeed,9.19549885931,0.0
EmergencyLaneScenario.node[3].appl,generatedWSAs,0.0,0.0
EmergencyLaneScenario.node[4].nic.mac1609_4,SentPackets,50.5,71.4177848998
EmergencyLaneScenario.node[34].veinsmobility,totalCO2Emission,92.7756159768,0.0
EmergencyLaneScenario.node[19].nic.mac1609_4,SentAcknowledgements,0.0,0.0
EmergencyLaneScenario.node[30].nic.mac1609_4,sentAcks:count,0.0,0.0
EmergencyLaneScenario.node[11].appl,receivedBSMs,1175.0,0.0
EmergencyLaneScenario.node[24].appl,receivedWSMs,0.0,0.0
EmergencyLaneScenario.node[30].appl,receivedWSAs,0.0,0.0
EmergencyLaneScenario.node[13].nic.mac1609_4,SlotsBackoff,74.0,0.0
EmergencyLaneScenario.node[34].appl,generatedBSMs,31.0,0.0
EmergencyLaneScenario.node[13].nic.mac1609_4,TimesIntoBackoff,48.0,0.0
EmergencyLaneScenario.node[3].nic.mac1609_4,SentPackets,32.5,45.9619407771
EmergencyLaneScenario.node[25].nic.mac1609_4,SentPackets,21.0,0.0
EmergencyLaneScenario.node[8].nic.mac1609_4,SentPackets,26.5,37.4766594029
EmergencyLaneScenario.node[29].nic.mac1609_4,sentAcks:count,0.0,0.0
EmergencyLaneScenario.node[30].nic.mac1609_4,TooLittleTime,0.0,0.0
EmergencyLaneScenario.node[7].nic.mac1609_4,sentAcks:count,0.0,0.0
EmergencyLaneScenario.node[6].nic.mac1609_4,SentPackets,26.0,36.7695526217
EmergencyLaneScenario.node[21].nic.mac1609_4,RXTXLostPackets,0.0,0.0
EmergencyLaneScenario.node[30].veinsmobility,maxSpeed,14.6283897477,0.0
EmergencyLaneScenario.node[32].nic.mac1609_4,DroppedPacketsInMac,0.0,0.0
EmergencyLaneScenario.node[34].nic.mac1609_4,RXTXLostPackets,0.0,0.0
EmergencyLaneScenario.node[15].nic.mac1609_4,retriesExceeded:count,0.0,0.0
EmergencyLaneScenario.node[8].veinsmobility,stopTime,43.3,29.2742207411
EmergencyLaneScenario.node[27].nic.mac1609_4,SentAcknowledgements,0.0,0.0
EmergencyLaneScenario.node[4].nic.mac1609_4,RetriesExceeded,0.0,0.0
EmergencyLaneScenario.node[21].nic.mac1609_4,ReceivedUnicastPackets,0.0,0.0
EmergencyLaneScenario.node[12].appl,receivedWSAs,0.0,0.0
EmergencyLaneScenario.node[27].nic.mac1609_4,RXTXLostPackets,0.0,0.0
EmergencyLaneScenario.node[14].nic.phy80211p,busyTime,0.00217537313433,0.0
EmergencyLaneScenario.node[5].appl,laneChangesPerformed,0.0,0.0
EmergencyLaneScenario.node[27].nic.mac1609_4,TimesIntoBackoff,96.0,0.0
EmergencyLaneScenario.node[19].veinsmobility,minSpeed,0.0,0.0
EmergencyLaneScenario.node[0].veinsmobility,totalCO2Emission,62.9138217359,4.98723872627
EmergencyLaneScenario.node[26].veinsmobility,totalCO2Emission,99.695527187,0.0
EmergencyLaneScenario.node[21].veinsmobility,totalDistance,441.35341588,0.0
EmergencyLaneScenario.node[9].appl,generatedWSMs,0.0,0.0
EmergencyLaneScenario.node[32].nic.mac1609_4,channelBusy:timeavg,0.00200843023256,0.0
EmergencyLaneScenario.node[17].nic.phy80211p,busyTime,0.00235695652174,0.0
EmergencyLaneScenario.node[15].nic.mac1609_4,TimesIntoBackoff,28.0,0.0
EmergencyLaneScenario.node[27].nic.mac1609_4,SNIRLostPackets,9.0,0.0
EmergencyLaneScenario.rsu[0].appl,generatedWSAs,0.0,0.0
EmergencyLaneScenario.node[2].nic.mac1609_4,collisions:count,0.0,0.0
EmergencyLaneScenario.node[23].nic.mac1609_4,retriesExceeded:count,0.0,0.0
EmergencyLaneScenario.node[24].nic.mac1609_4,collisions:count,0.0,0.0
EmergencyLaneScenario.node[30].nic.mac1609_4,SlotsBackoff,76.0,0.0
EmergencyLaneScenario.node[15].nic.mac1609_4,channelBusy:timeavg,0.00256271428571,0.0
EmergencyLaneScenario.node[5].veinsmobility,maxSpeed,15.3205677069,2.22166536315
EmergencyLaneScenario.node[33].nic.mac1609_4,channelBusy:timeavg,0.00243279411765,0.0
EmergencyLaneScenario.node[1].nic.mac1609_4,TotalLostPackets,0.0,0.0
EmergencyLaneScenario.node[20].nic.mac1609_4,SNIRLostPackets,0.0,0.0
EmergencyLaneScenario.node[18].veinsmobility,stopTime,50.0,0.0
EmergencyLaneScenario.node[1].nic.mac1609_4,RetriesExceeded,0.0,0.0
EmergencyLaneScenario.node[16].nic.mac1609_4,channelBusy:timeavg,0.00259072368421,0.0
EmergencyLaneScenario.node[8].appl,generatedWSAs,0.0,0.0
EmergencyLaneScenario.node[28].veinsmobility,totalCO2Emission,106.953423824,0.0
EmergencyLaneScenario.node[7].nic.mac1609_4,DroppedPacketsInMac,0.0,0.0
EmergencyLaneScenario.node[31].nic.mac1609_4,totalBusyTime,0.078356,0.0
EmergencyLaneScenario.node[33].veinsmobility,maxSpeed,10.2332618745,0.0
EmergencyLaneScenario.node[15].nic.mac1609_4,ReceivedBroadcasts,658.0,0.0
EmergencyLaneScenario.node[34].nic.mac1609_4,RetriesExceeded,0.0,0.0
EmergencyLaneScenario.node[9].appl,generatedWSAs,0.0,0.0
EmergencyLaneScenario.node[20].nic.mac1609_4,RetriesExceeded,0.0,0.0
EmergencyLaneScenario.node[29].nic.mac1609_4,RXTXLostPackets,0.0,0.0
EmergencyLaneScenario.node[16].appl,laneChangesPerformed,0.0,0.0
EmergencyLaneScenario.node[33].nic.mac1609_4,RXTXLostPackets,0.0,0.0
EmergencyLaneScenario.node[14].nic.mac1609_4,retriesExceeded:count,0.0,0.0
EmergencyLaneScenario.node[7].nic.mac1609_4,ReceivedUnicastPackets,0.0,0.0
EmergencyLaneScenario.node[11].veinsmobility,stopTime,74.8,0.0
EmergencyLaneScenario.node[11].nic.mac1609_4,retriesExceeded:count,0.0,0.0
EmergencyLaneScenario.node[28].nic.phy80211p,busyTime,0.00185438016529,0.0
EmergencyLaneScenario.node[19].nic.mac1609_4,RXTXLostPackets,0.0,0.0
EmergencyLaneScenario.node[27].nic.mac1609_4,ReceivedBroadcasts,983.0,0.0
EmergencyLaneScenario.node[3].nic.mac1609_4,SentAcknowledgements,0.0,0.0
EmergencyLaneScenario.node[32].nic.mac1609_4,SlotsBackoff,47.0,0.0
EmergencyLaneScenario.node[30].appl,generatedWSMs,0.0,0.0
EmergencyLaneScenario.node[11].nic.mac1609_4,TooLittleTime,0.0,0.0
EmergencyLaneScenario.node[6].appl,receivedBSMs,510.5,721.956023591
EmergencyLaneScenario.node[32].veinsmobility,minSpeed,0.974113661564,0.0
EmergencyLaneScenario.node[7].veinsmobility,maxSpeed,11.7395598929,1.71732261459
EmergencyLaneScenario.node[8].appl,generatedWSMs,0.0,0.0
EmergencyLaneScenario.rsu[1].appl,emergencyVehiclesDetected,0.0,0.0
EmergencyLaneScenario.node[19].veinsmobility,startTime,24.4,0.0
EmergencyLaneScenario.node[24].nic.phy80211p,busyTime,0.0025675,0.0
EmergencyLaneScenario.node[2].appl,receivedWSAs,0.0,0.0
EmergencyLaneScenario.node[18].veinsmobility,startTime,23.2,0.0
EmergencyLaneScenario.node[9].nic.mac1609_4,NumInternalContention,0.0,0.0
EmergencyLaneScenario.node[28].nic.mac1609_4,SlotsBackoff,68.0,0.0
EmergencyLaneScenario.node[8].nic.mac1609_4,sentPackets:count,26.5,37.4766594029
EmergencyLaneScenario.node[12].nic.mac1609_4,collisions:count,0.0,0.0
EmergencyLaneScenario.rsu[0].appl,receivedWSAs,0.0,0.0
EmergencyLaneScenario.node[15].veinsmobility,totalDistance,159.896155432,0.0
EmergencyLaneScenario.node[14].veinsmobility,startTime,19.2,0.0
EmergencyLaneScenario.rsu[0].nic.mac1609_4,channelBusy:timeavg,0.000289106666667,0.000408858568972
EmergencyLaneScenario.node[29].appl,receivedWSAs,0.0,0.0
EmergencyLaneScenario.node[19].veinsmobility,totalTime,101.6,0.0
EmergencyLaneScenario.node[29].veinsmobility,stopTime,60.4,0.0
EmergencyLaneScenario.node[25].appl,receivedWSAs,0.0,0.0
EmergencyLaneScenario.node[7].nic.mac1609_4,RXTXLostPackets,0.0,0.0
EmergencyLaneScenario.node[1].appl,emergencyMessagesReceived,0.5,0.707106781187
EmergencyLaneScenario.node[5].nic.mac1609_4,ReceivedBroadcasts,663.5,938.330698635
EmergencyLaneScenario.node[6].nic.mac1609_4,ReceivedBroadcasts,526.0,743.876333808
EmergencyLaneScenario.node[8].appl,emergencyMessagesReceived,0.5,0.707106781187
EmergencyLaneScenario.node[33].nic.mac1609_4,retriesExceeded:count,0.0,0.0
EmergencyLaneScenario.node[15].appl,generatedWSMs,0.0,0.0
EmergencyLaneScenario.node[32].nic.mac1609_4,SentAcknowledgements,0.0,0.0
EmergencyLaneScenario.node[8].nic.mac1609_4,RetriesExceeded,0.0,0.0
EmergencyLaneScenario.node[14].nic.mac1609_4,ReceivedUnicastPackets,0.0,0.0
EmergencyLaneScenario.node[21].appl,receivedBSMs,1172.0,0.0
EmergencyLaneScenario.node[29].nic.mac1609_4,ReceivedUnicastPackets,0.0,0.0
EmergencyLaneScenario.node[25].nic.mac1609_4,TimesIntoBackoff,21.0,0.0
EmergencyLaneScenario.node[26].appl,generatedWSMs,0.0,0.0
EmergencyLaneScenario.node[30].nic.mac1609_4,TimesIntoBackoff,48.0,0.0
EmergencyLaneScenario.node[31].nic.mac1609_4,SNIRLostPackets,10.0,0.0
EmergencyLaneScenario.node[14].nic.mac1609_4,NumInternalContention,0.0,0.0
EmergencyLaneScenario.node[19].appl,receivedBSMs,1219.0,0.0
EmergencyLaneScenario.node[19].nic.phy80211p,busyTime,0.0012551372549,0.0
EmergencyLaneScenario.node[34].appl,emergencyMessagesReceived,0.0,0.0
EmergencyLaneScenario.node[26].appl,laneChangesPerformed,0.0,0.0
EmergencyLaneScenario.node[11].nic.mac1609_4,SentAcknowledgements,0.0,0.0
EmergencyLaneScenario.node[12].nic.mac1609_4,channelBusy:timeavg,0.00250292553191,0.0
EmergencyLaneScenario.node[8].nic.mac1609_4,ReceivedBroadcasts,551.0,779.231672868
EmergencyLaneScenario.node[34].veinsmobility,maxSpeed,14.4672333228,0.0
EmergencyLaneScenario.node[8].nic.mac1609_4,SlotsBackoff,41.0,57.9827560573
EmergencyLaneScenario.node[24].appl,generatedBSMs,7.0,0.0
EmergencyLaneScenario.node[33].nic.mac1609_4,TooLittleTime,0.0,0.0
EmergencyLaneScenario.node[13].appl,receivedWSAs,0.0,0.0
EmergencyLaneScenario.node[9].nic.mac1609_4,ReceivedBroadcasts,326.5,461.740728115
EmergencyLaneScenario.node[30].appl,laneChangesPerformed,0.0,0.0
EmergencyLaneScenario.node[22].appl,generatedBSMs,31.0,0.0
EmergencyLaneScenario.node[32].nic.mac1609_4,ReceivedBroadcasts,623.0,0.0
EmergencyLaneScenario.node[27].appl,receivedBSMs,983.0,0.0
EmergencyLaneScenario.node[20].appl,generatedBSMs,34.0,0.0
EmergencyLaneScenario.node[0].appl,receivedBSMs,83.0,117.379725677
EmergencyLaneScenario.node[28].appl,laneChangesPerformed,0.0,0.0
EmergencyLaneScenario.node[18].veinsmobility,totalCO2Emission,87.8719842761,0.0
EmergencyLaneScenario.node[22].veinsmobility,minSpeed,0.902435171889,0.0
EmergencyLaneScenario.node[10].nic.mac1609_4,SlotsBackoff,62.0,0.0
EmergencyLaneScenario.node[18].appl,receivedWSAs,0.0,0.0
EmergencyLaneScenario.node[29].veinsmobility,totalDistance,239.86936041,0.0
EmergencyLaneScenario.rsu[0].nic.mac1609_4,totalBusyTime,0.086732,0.122657570692
EmergencyLaneScenario.node[12].nic.mac1609_4,TooLittleTime,0.0,0.0
EmergencyLaneScenario.rsu[1].appl,generatedWSMs,0.0,0.0
EmergencyLaneScenario.node[0].veinsmobility,minSpeed,5.66327723362,6.13305215246
EmergencyLaneScenario.node[6].nic.mac1609_4,channelBusy:timeavg,0.00114265384615,0.00161595656633
EmergencyLaneScenario.node[1].veinsmobility,totalDistance,226.794272494,54.5180011397
EmergencyLaneScenario.node[24].appl,laneChangesPerformed,0.0,0.0
EmergencyLaneScenario.node[4].appl,generatedWSAs,0.0,0.0
EmergencyLaneScenario.node[25].appl,generatedWSAs,0.0,0.0
EmergencyLaneScenario.node[3].nic.mac1609_4,SNIRLostPackets,0.0,0.0
EmergencyLaneScenario.node[1].veinsmobility,totalCO2Emission,79.1029008539,30.0610748185
EmergencyLaneScenario.node[24].nic.mac1609_4,channelBusy:timeavg,0.00268234375,0.0
EmergencyLaneScenario.node[2].veinsmobility,startTime,3.75,1.9091883092
EmergencyLaneScenario.node[16].nic.mac1609_4,sentPackets:count,30.0,0.0
EmergencyLaneScenario.rsu[1].nic.mac1609_4,ReceivedBroadcasts,0.0,0.0
EmergencyLaneScenario.node[30].nic.mac1609_4,DroppedPacketsInMac,0.0,0.0
EmergencyLaneScenario.node[19].appl,generatedWSAs,0.0,0.0
EmergencyLaneScenario.node[12].veinsmobility,totalDistance,263.341465898,0.0
EmergencyLaneScenario.rsu[0].appl,totalV2XContacts,1602.0,0.0
EmergencyLaneScenario.node[26].nic.mac1609_4,sentAcks:count,0.0,0.0
EmergencyLaneScenario.node[21].veinsmobility,totalTime,89.2,0.0
EmergencyLaneScenario.node[26].appl,receivedWSAs,0.0,0.0
EmergencyLaneScenario.node[23].veinsmobility,maxSpeed,11.4039384086,0.0
EmergencyLaneScenario.node[24].veinsmobility,maxSpeed,12.4104837032,0.0
EmergencyLaneScenario.node[19].nic.mac1609_4,TimesIntoBackoff,102.0,0.0
EmergencyLaneScenario.node[7].nic.mac1609_4,TotalLostPackets,0.0,0.0
EmergencyLaneScenario.node[31].veinsmobility,startTime,42.4,0.0
EmergencyLaneScenario.node[11].appl,receivedWSAs,0.0,0.0
EmergencyLaneScenario.node[6].appl,emergencyMessagesReceived,0.5,0.707106781187
EmergencyLaneScenario.node[31].nic.mac1609_4,sentPackets:count,44.0,0.0
EmergencyLaneScenario.rsu[0].appl,avgTransactionTime,0.0,0.0
EmergencyLaneScenario.node[14].nic.mac1609_4,collisions:count,0.0,0.0
EmergencyLaneScenario.node[14].nic.mac1609_4,RetriesExceeded,0.0,0.0
EmergencyLaneScenario.rsu[1].nic.mac1609_4,sentAcks:count,0.0,0.0
EmergencyLaneScenario.node[26].nic.mac1609_4,ReceivedUnicastPackets,0.0,0.0
EmergencyLaneScenario.node[25].appl,generatedBSMs,21.0,0.0
EmergencyLaneScenario.node[31].appl,receivedBSMs,699.0,0.0
EmergencyLaneScenario.node[10].veinsmobility,totalTime,43.2,0.0
EmergencyLaneScenario.node[12].veinsmobility,stopTime,54.0,0.0
EmergencyLaneScenario.node[25].appl,generatedWSMs,0.0,0.0
EmergencyLaneScenario.node[19].nic.mac1609_4,totalBusyTime,0.138734,0.0
EmergencyLaneScenario.node[14].appl,receivedBSMs,1015.0,0.0
EmergencyLaneScenario.node[33].appl,generatedWSMs,0.0,0.0
EmergencyLaneScenario.node[19].nic.mac1609_4,SlotsBackoff,143.0,0.0
EmergencyLaneScenario.node[7].appl,receivedWSMs,14.5,20.5060966544
EmergencyLaneScenario.node[11].nic.mac1609_4,NumInternalContention,0.0,0.0
EmergencyLaneScenario.node[30].nic.mac1609_4,channelBusy:timeavg,0.0018405,0.0
EmergencyLaneScenario.node[19].nic.mac1609_4,sentPackets:count,102.0,0.0
EmergencyLaneScenario.node[10].veinsmobility,stopTime,58.0,0.0
EmergencyLaneScenario.rsu[1].nic.mac1609_4,SentPackets,0.0,0.0
EmergencyLaneScenario.node[32].appl,generatedBSMs,34.0,0.0
EmergencyLaneScenario.node[14].appl,generatedBSMs,53.0,0.0
EmergencyLaneScenario.node[18].appl,generatedWSAs,0.0,0.0
EmergencyLaneScenario.node[26].appl,receivedWSMs,0.0,0.0
EmergencyLaneScenario.node[15].appl,receivedBSMs,655.0,0.0
EmergencyLaneScenario.node[26].appl,generatedBSMs,47.0,0.0
EmergencyLaneScenario.node[23].nic.mac1609_4,collisions:count,0.0,0.0
EmergencyLaneScenario.node[24].veinsmobility,totalTime,6.0,0.0
EmergencyLaneScenario.node[5].nic.mac1609_4,retriesExceeded:count,0.0,0.0
EmergencyLaneScenario.node[7].veinsmobility,startTime,12.15,7.00035713375
EmergencyLaneScenario.node[6].nic.mac1609_4,retriesExceeded:count,0.0,0.0
EmergencyLaneScenario.node[33].nic.mac1609_4,ReceivedBroadcasts,304.0,0.0
EmergencyLaneScenario.node[34].nic.mac1609_4,SlotsBackoff,39.0,0.0
EmergencyLaneScenario.node[21].appl,generatedWSAs,0.0,0.0
EmergencyLaneScenario.node[26].appl,receivedBSMs,899.0,0.0
EmergencyLaneScenario.node[31].nic.mac1609_4,SlotsBackoff,66.0,0.0
EmergencyLaneScenario.node[19].nic.mac1609_4,RetriesExceeded,0.0,0.0
EmergencyLaneScenario.node[20].appl,emergencyMessagesReceived,0.0,0.0
EmergencyLaneScenario.node[3].nic.mac1609_4,retriesExceeded:count,0.0,0.0
EmergencyLaneScenario.node[3].nic.mac1609_4,RetriesExceeded,0.0,0.0
EmergencyLaneScenario.node[32].nic.mac1609_4,SentPackets,34.0,0.0
EmergencyLaneScenario.node[4].nic.mac1609_4,ReceivedBroadcasts,715.0,1011.1626971
EmergencyLaneScenario.node[3].nic.phy80211p,busyTime,0.00101171779141,0.00143078502191
EmergencyLaneScenario.node[5].veinsmobility,totalTime,42.4,45.2548339959
EmergencyLaneScenario.node[14].appl,avgResponseTime,5.00002078552,0.0
EmergencyLaneScenario.node[6].nic.phy80211p,busyTime,0.00109015384615,0.0015417103543
EmergencyLaneScenario.node[20].nic.mac1609_4,NumInternalContention,0.0,0.0
EmergencyLaneScenario.node[22].appl,receivedBSMs,776.0,0.0
EmergencyLaneScenario.node[4].nic.mac1609_4,collisions:count,0.0,0.0
EmergencyLaneScenario.node[20].nic.mac1609_4,DroppedPacketsInMac,0.0,0.0
EmergencyLaneScenario.node[15].nic.mac1609_4,RetriesExceeded,0.0,0.0
EmergencyLaneScenario.node[20].veinsmobility,totalCO2Emission,106.000976759,0.0
EmergencyLaneScenario.node[28].veinsmobility,totalDistance,292.454492623,0.0
EmergencyLaneScenario.node[11].nic.mac1609_4,DroppedPacketsInMac,0.0,0.0
EmergencyLaneScenario.node[23].nic.mac1609_4,totalBusyTime,0.058053,0.0
EmergencyLaneScenario.node[9].nic.mac1609_4,retriesExceeded:count,0.0,0.0
EmergencyLaneScenario.node[17].nic.mac1609_4,DroppedPacketsInMac,0.0,0.0
EmergencyLaneScenario.node[32].nic.mac1609_4,sentAcks:count,0.0,0.0
EmergencyLaneScenario.node[10].nic.mac1609_4,collisions:count,0.0,0.0
EmergencyLaneScenario.node[3].nic.mac1609_4,TooLittleTime,0.0,0.0
EmergencyLaneScenario.node[22].veinsmobility,maxSpeed,24.5624519844,0.0
EmergencyLaneScenario.node[22].appl,laneChangesPerformed,0.0,0.0
EmergencyLaneScenario.node[7].veinsmobility,stopTime,30.5,11.1722871427
EmergencyLaneScenario.node[10].appl,avgResponseTime,52.5000292069,0.0
EmergencyLaneScenario.node[29].nic.mac1609_4,collisions:count,0.0,0.0
EmergencyLaneScenario.node[11].nic.mac1609_4,TimesIntoBackoff,59.0,0.0
EmergencyLaneScenario.node[14].appl,laneChangesPerformed,0.0,0.0
EmergencyLaneScenario.node[21].nic.mac1609_4,channelBusy:timeavg,0.00147859375,0.0
EmergencyLaneScenario.node[11].appl,emergencyMessagesReceived,1.0,0.0
EmergencyLaneScenario.node[6].nic.mac1609_4,ReceivedUnicastPackets,0.0,0.0
EmergencyLaneScenario.node[11].nic.mac1609_4,TotalLostPackets,6.0,0.0
EmergencyLaneScenario.node[21].nic.mac1609_4,TotalLostPackets,11.0,0.0
EmergencyLaneScenario.node[14].nic.mac1609_4,DroppedPacketsInMac,0.0,0.0
EmergencyLaneScenario.node[3].veinsmobility,totalTime,40.1,34.9310749906
EmergencyLaneScenario.node[28].nic.mac1609_4,NumInternalContention,0.0,0.0
EmergencyLaneScenario.node[16].nic.mac1609_4,NumInternalContention,0.0,0.0
EmergencyLaneScenario.node[32].veinsmobility,totalDistance,360.28552501,0.0
EmergencyLaneScenario.node[2].nic.mac1609_4,NumInternalContention,0.0,0.0
EmergencyLaneScenario.node[31].veinsmobility,minSpeed,1.39236430932,0.0
EmergencyLaneScenario.node[14].nic.mac1609_4,RXTXLostPackets,0.0,0.0
EmergencyLaneScenario.node[29].nic.mac1609_4,SlotsBackoff,30.0,0.0
EmergencyLaneScenario.node[31].appl,generatedBSMs,44.0,0.0
EmergencyLaneScenario.node[14].veinsmobility,totalTime,53.2,0.0
EmergencyLaneScenario.node[29].nic.mac1609_4,NumInternalContention,0.0,0.0
EmergencyLaneScenario.node[2].nic.mac1609_4,SentAcknowledgements,0.0,0.0
EmergencyLaneScenario.node[4].appl,avgResponseTime,297.499917374,0.0
EmergencyLaneScenario.node[9].nic.mac1609_4,DroppedPacketsInMac,0.0,0.0
EmergencyLaneScenario.node[9].appl,emergencyMessagesReceived,0.5,0.707106781187
EmergencyLaneScenario.node[24].nic.mac1609_4,SNIRLostPackets,0.0,0.0
EmergencyLaneScenario.node[32].nic.mac1609_4,ReceivedUnicastPackets,0.0,0.0
EmergencyLaneScenario.node[33].veinsmobility,totalCO2Emission,33.0294415002,0.0
EmergencyLaneScenario.node[16].veinsmobility,minSpeed,0.0,0.0
EmergencyLaneScenario.node[23].nic.mac1609_4,TooLittleTime,0.0,0.0
EmergencyLaneScenario.node[31].appl,generatedWSMs,0.0,0.0
EmergencyLaneScenario.node[1].nic.mac1609_4,ReceivedUnicastPackets,0.0,0.0
EmergencyLaneScenario.node[19].nic.mac1609_4,collisions:count,0.0,0.0
EmergencyLaneScenario.node[15].nic.mac1609_4,DroppedPacketsInMac,0.0,0.0
EmergencyLaneScenario.node[30].appl,receivedWSMs,0.0,0.0
EmergencyLaneScenario.node[7].nic.phy80211p,busyTime,0.000962820512821,0.00136163382736
EmergencyLaneScenario.node[13].nic.mac1609_4,retriesExceeded:count,0.0,0.0
EmergencyLaneScenario.rsu[1].nic.mac1609_4,SlotsBackoff,0.0,0.0
EmergencyLaneScenario.node[7].nic.mac1609_4,sentPackets:count,15.5,21.9203102168
EmergencyLaneScenario.node[3].nic.mac1609_4,TotalLostPackets,0.0,0.0
EmergencyLaneScenario.node[25].nic.mac1609_4,totalBusyTime,0.058469,0.0
EmergencyLaneScenario.node[3].appl,avgResponseTime,332.999911071,0.0
EmergencyLaneScenario.node[24].veinsmobility,startTime,30.4,0.0
EmergencyLaneScenario.node[17].appl,laneChangesPerformed,0.0,0.0
EmergencyLaneScenario.node[32].nic.mac1609_4,TooLittleTime,0.0,0.0
EmergencyLaneScenario.node[22].veinsmobility,totalCO2Emission,150.572273917,0.0
EmergencyLaneScenario.node[5].appl,receivedWSAs,0.0,0.0
EmergencyLaneScenario.node[21].veinsmobility,minSpeed,0.0,0.0
EmergencyLaneScenario.node[28].veinsmobility,minSpeed,0.0,0.0
EmergencyLaneScenario.node[5].nic.mac1609_4,DroppedPacketsInMac,0.0,0.0
EmergencyLaneScenario.node[30].nic.mac1609_4,SNIRLostPackets,3.0,0.0
EmergencyLaneScenario.node[23].nic.mac1609_4,ReceivedBroadcasts,537.0,0.0
EmergencyLaneScenario.node[20].nic.mac1609_4,sentPackets:count,34.0,0.0
EmergencyLaneScenario.node[11].appl,generatedWSMs,0.0,0.0
EmergencyLaneScenario.node[15].nic.mac1609_4,SlotsBackoff,42.0,0.0
EmergencyLaneScenario.node[14].nic.mac1609_4,sentAcks:count,0.0,0.0
EmergencyLaneScenario.node[26].nic.mac1609_4,sentPackets:count,47.0,0.0
EmergencyLaneScenario.node[2].appl,receivedBSMs,543.0,767.917964369
EmergencyLaneScenario.rsu[0].nic.phy80211p,busyTime,0.000289106666667,0.000408858568972
EmergencyLaneScenario.node[24].nic.mac1609_4,NumInternalContention,0.0,0.0
EmergencyLaneScenario.node[14].veinsmobility,maxSpeed,28.8193458594,0.0
EmergencyLaneScenario.rsu[0].nic.mac1609_4,ReceivedBroadcasts,801.0,1132.78506346
EmergencyLaneScenario.node[2].veinsmobility,minSpeed,5.11230508518,6.91224443728
EmergencyLaneScenario.node[26].veinsmobility,startTime,33.2,0.0
EmergencyLaneScenario.node[13].veinsmobility,totalDistance,135.101677414,0.0
EmergencyLaneScenario.node[0].veinsmobility,stopTime,22.1,0.707106781187
EmergencyLaneScenario.node[3].nic.mac1609_4,ReceivedBroadcasts,611.5,864.791593391
EmergencyLaneScenario.node[30].nic.mac1609_4,SentPackets,48.0,0.0
EmergencyLaneScenario.node[4].veinsmobility,minSpeed,5.0,7.07106781187
EmergencyLaneScenario.node[30].nic.mac1609_4,totalBusyTime,0.088344,0.0
EmergencyLaneScenario.node[28].nic.mac1609_4,ReceivedUnicastPackets,0.0,0.0
EmergencyLaneScenario.node[33].appl,emergencyMessagesReceived,0.0,0.0
EmergencyLaneScenario.node[32].nic.mac1609_4,SNIRLostPackets,7.0,0.0
EmergencyLaneScenario.node[8].veinsmobility,totalDistance,171.866592075,209.628212144
EmergencyLaneScenario.node[1].nic.mac1609_4,RXTXLostPackets,0.0,0.0
EmergencyLaneScenario.node[28].veinsmobility,maxSpeed,14.1684061563,0.0
EmergencyLaneScenario.node[16].appl,receivedWSAs,0.0,0.0
EmergencyLaneScenario.node[4].veinsmobility,startTime,7.25,4.03050865276
EmergencyLaneScenario.node[31].veinsmobility,totalCO2Emission,319.610586098,0.0
EmergencyLaneScenario.node[2].nic.mac1609_4,RXTXLostPackets,0.0,0.0
EmergencyLaneScenario.node[8].nic.phy80211p,busyTime,0.00111075757576,0.00157084842815
EmergencyLaneScenario.node[8].nic.mac1609_4,collisions:count,0.0,0.0
EmergencyLaneScenario.rsu[0].nic.mac1609_4,SNIRLostPackets,6.5,9.19238815543
EmergencyLaneScenario.node[1].nic.mac1609_4,SNIRLostPackets,0.0,0.0
EmergencyLaneScenario.node[10].veinsmobility,maxSpeed,17.5894448184,0.0
EmergencyLaneScenario.node[10].nic.mac1609_4,channelBusy:timeavg,0.00245419724771,0.0
EmergencyLaneScenario.node[27].nic.mac1609_4,RetriesExceeded,0.0,0.0
EmergencyLaneScenario.node[14].appl,generatedWSAs,0.0,0.0
EmergencyLaneScenario.node[22].nic.mac1609_4,TooLittleTime,0.0,0.0
EmergencyLaneScenario.rsu[0].nic.mac1609_4,NumInternalContention,0.0,0.0
EmergencyLaneScenario.node[27].nic.mac1609_4,retriesExceeded:count,0.0,0.0
EmergencyLaneScenario.node[27].nic.mac1609_4,NumInternalContention,0.0,0.0
EmergencyLaneScenario.node[13].veinsmobility,minSpeed,0.0,0.0
EmergencyLaneScenario.node[2].nic.mac1609_4,SlotsBackoff,46.0,65.0538238692
EmergencyLaneScenario.node[26].nic.mac1609_4,SlotsBackoff,74.0,0.0
EmergencyLaneScenario.node[24].nic.mac1609_4,TotalLostPackets,0.0,0.0
EmergencyLaneScenario.node[7].appl,generatedWSAs,0.0,0.0
EmergencyLaneScenario.node[31].nic.mac1609_4,TooLittleTime,0.0,0.0
EmergencyLaneScenario.node[17].nic.mac1609_4,SlotsBackoff,30.0,0.0
EmergencyLaneScenario.rsu[0].nic.mac1609_4,RetriesExceeded,0.0,0.0
EmergencyLaneScenario.node[10].appl,receivedBSMs,952.0,0.0
EmergencyLaneScenario.node[0].veinsmobility,startTime,0.25,0.212132034356
EmergencyLaneScenario.node[25].veinsmobility,minSpeed,0.98497325191,0.0
EmergencyLaneScenario.node[21].appl,receivedWSMs,0.0,0.0
EmergencyLaneScenario.node[31].appl,receivedWSAs,0.0,0.0
EmergencyLaneScenario.node[34].nic.mac1609_4,SNIRLostPackets,7.0,0.0
EmergencyLaneScenario.node[17].appl,receivedBSMs,417.0,0.0
EmergencyLaneScenario.node[26].nic.mac1609_4,RXTXLostPackets,0.0,0.0
EmergencyLaneScenario.node[34].appl,generatedWSMs,0.0,0.0
EmergencyLaneScenario.node[10].veinsmobility,startTime,14.4,0.0
EmergencyLaneScenario.node[2].appl,generatedBSMs,29.5,41.71930009
EmergencyLaneScenario.node[19].veinsmobility,totalDistance,411.014326566,0.0
EmergencyLaneScenario.node[8].nic.mac1609_4,sentAcks:count,0.0,0.0
EmergencyLaneScenario.node[23].appl,laneChangesPerformed,0.0,0.0
EmergencyLaneScenario.node[6].veinsmobility,totalDistance,249.690427281,229.209616354
EmergencyLaneScenario.node[6].veinsmobility,stopTime,40.5,25.3144227665
EmergencyLaneScenario.node[13].nic.mac1609_4,ReceivedUnicastPackets,0.0,0.0
EmergencyLaneScenario.node[19].veinsmobility,totalCO2Emission,213.105833704,0.0
EmergencyLaneScenario.node[24].nic.mac1609_4,ReceivedBroadcasts,158.0,0.0
EmergencyLaneScenario.node[34].nic.mac1609_4,ReceivedUnicastPackets,0.0,0.0
EmergencyLaneScenario.node[11].nic.mac1609_4,SentPackets,59.0,0.0
EmergencyLaneScenario.node[31].nic.mac1609_4,ReceivedUnicastPackets,0.0,0.0
EmergencyLaneScenario.node[18].veinsmobility,totalDistance,182.942974777,0.0
EmergencyLaneScenario.node[26].veinsmobility,totalTime,46.0,0.0
EmergencyLaneScenario.node[27].nic.mac1609_4,collisions:count,0.0,0.0
EmergencyLaneScenario.node[19].nic.mac1609_4,channelBusy:timeavg,0.0013601372549,0.0
EmergencyLaneScenario.node[23].nic.mac1609_4,SentPackets,21.0,0.0
EmergencyLaneScenario.node[2].nic.mac1609_4,sentPackets:count,29.5,41.71930009
EmergencyLaneScenario.node[29].veinsmobility,totalCO2Emission,102.782175187,0.0
EmergencyLaneScenario.node[34].veinsmobility,startTime,50.8,0.0
EmergencyLaneScenario.node[17].nic.mac1609_4,collisions:count,0.0,0.0
EmergencyLaneScenario.node[21].veinsmobility,stopTime,116.0,0.0
EmergencyLaneScenario.node[10].appl,receivedWSAs,0.0,0.0
EmergencyLaneScenario.node[10].nic.mac1609_4,DroppedPacketsInMac,0.0,0.0
EmergencyLaneScenario.rsu[0].nic.mac1609_4,SentAcknowledgements,0.0,0.0
EmergencyLaneScenario.node[34].nic.mac1609_4,ReceivedBroadcasts,457.0,0.0
EmergencyLaneScenario.node[18].nic.mac1609_4,ReceivedBroadcasts,653.0,0.0
EmergencyLaneScenario.node[5].nic.mac1609_4,TooLittleTime,0.0,0.0
EmergencyLaneScenario.node[12].appl,generatedWSMs,0.0,0.0
EmergencyLaneScenario.node[20].nic.mac1609_4,collisions:count,0.0,0.0
EmergencyLaneScenario.node[31].veinsmobility,totalDistance,819.053404217,0.0
EmergencyLaneScenario.node[19].veinsmobility,stopTime,126.4,0.0
EmergencyLaneScenario.node[6].veinsmobility,totalCO2Emission,102.970691201,112.890850623
EmergencyLaneScenario.node[9].nic.mac1609_4,sentAcks:count,0.0,0.0
EmergencyLaneScenario.node[1].veinsmobility,totalTime,34.0,19.2333044483
EmergencyLaneScenario.node[18].nic.mac1609_4,NumInternalContention,0.0,0.0
EmergencyLaneScenario.node[20].appl,generatedWSMs,0.0,0.0
EmergencyLaneScenario.node[1].nic.mac1609_4,sentPackets:count,24.0,33.941125497
EmergencyLaneScenario.node[25].nic.mac1609_4,channelBusy:timeavg,0.00281100961538,0.0
EmergencyLaneScenario.node[0].nic.mac1609_4,TooLittleTime,0.0,0.0
EmergencyLaneScenario.node[6].veinsmobility,minSpeed,5.24358305232,6.72658935571
EmergencyLaneScenario.node[24].appl,receivedWSAs,0.0,0.0
EmergencyLaneScenario.node[7].veinsmobility,minSpeed,4.83945122096,6.84401755113
EmergencyLaneScenario.node[21].nic.mac1609_4,SNIRLostPackets,11.0,0.0
EmergencyLaneScenario.node[5].nic.mac1609_4,SentAcknowledgements,0.0,0.0
EmergencyLaneScenario.rsu[0].appl,tollAccuracy,100.0,0.0
EmergencyLaneScenario.node[11].appl,generatedBSMs,59.0,0.0
EmergencyLaneScenario.node[14].appl,receivedWSAs,0.0,0.0
EmergencyLaneScenario.rsu[0].nic.mac1609_4,retriesExceeded:count,0.0,0.0
EmergencyLaneScenario.node[4].veinsmobility,maxSpeed,16.2082912148,5.60310496115
EmergencyLaneScenario.node[11].nic.mac1609_4,totalBusyTime,0.132035,0.0
EmergencyLaneScenario.node[34].appl,laneChangesPerformed,0.0,0.0
EmergencyLaneScenario.node[1].appl,receivedWSAs,0.0,0.0
EmergencyLaneScenario.node[22].nic.mac1609_4,totalBusyTime,0.084375,0.0
EmergencyLaneScenario.node[26].nic.mac1609_4,SentPackets,47.0,0.0
EmergencyLaneScenario.node[30].nic.mac1609_4,collisions:count,0.0,0.0
EmergencyLaneScenario.node[9].nic.mac1609_4,TooLittleTime,0.0,0.0
EmergencyLaneScenario.node[24].nic.mac1609_4,ReceivedUnicastPackets,0.0,0.0
EmergencyLaneScenario.node[34].nic.mac1609_4,channelBusy:timeavg,0.00165099358974,0.0
EmergencyLaneScenario.node[34].nic.mac1609_4,TimesIntoBackoff,31.0,0.0
EmergencyLaneScenario.node[4].appl,receivedWSMs,17.5,24.7487373415
EmergencyLaneScenario.node[6].nic.mac1609_4,RetriesExceeded,0.0,0.0
EmergencyLaneScenario.node[10].appl,laneChangesPerformed,0.0,0.0
EmergencyLaneScenario.node[0].nic.mac1609_4,retriesExceeded:count,0.0,0.0
EmergencyLaneScenario.node[24].veinsmobility,minSpeed,1.36073755331,0.0
EmergencyLaneScenario.rsu[0].nic.mac1609_4,TimesIntoBackoff,0.0,0.0
EmergencyLaneScenario.node[17].appl,generatedWSAs,0.0,0.0
EmergencyLaneScenario.node[34].nic.mac1609_4,SentAcknowledgements,0.0,0.0
EmergencyLaneScenario.node[15].appl,receivedWSAs,0.0,0.0
EmergencyLaneScenario.rsu[1].nic.mac1609_4,ReceivedUnicastPackets,0.0,0.0
EmergencyLaneScenario.node[15].veinsmobility,minSpeed,0.0,0.0
EmergencyLaneScenario.node[21].nic.mac1609_4,retriesExceeded:count,0.0,0.0
EmergencyLaneScenario.node[21].nic.mac1609_4,collisions:count,0.0,0.0
EmergencyLaneScenario.rsu[0].nic.mac1609_4,TooLittleTime,0.0,0.0
EmergencyLaneScenario.node[10].nic.mac1609_4,sentAcks:count,0.0,0.0
EmergencyLaneScenario.node[0].nic.mac1609_4,ReceivedUnicastPackets,0.0,0.0
EmergencyLaneScenario.node[1].nic.mac1609_4,SlotsBackoff,35.5,50.2045814642
EmergencyLaneScenario.node[3].veinsmobility,minSpeed,5.0,7.07106781187
EmergencyLaneScenario.rsu[1].nic.mac1609_4,TotalLostPackets,0.0,0.0
EmergencyLaneScenario.node[10].appl,generatedWSMs,0.0,0.0
EmergencyLaneScenario.node[30].veinsmobility,startTime,39.2,0.0
EmergencyLaneScenario.node[31].nic.mac1609_4,sentAcks:count,0.0,0.0
EmergencyLaneScenario.node[24].nic.mac1609_4,DroppedPacketsInMac,0.0,0.0
EmergencyLaneScenario.node[18].nic.mac1609_4,collisions:count,0.0,0.0
EmergencyLaneScenario.node[29].veinsmobility,totalTime,21.6,0.0
EmergencyLaneScenario.node[2].nic.mac1609_4,SentPackets,29.5,41.71930009
EmergencyLaneScenario.node[6].nic.mac1609_4,sentAcks:count,0.0,0.0
EmergencyLaneScenario.node[29].appl,generatedWSMs,0.0,0.0
EmergencyLaneScenario.node[19].appl,receivedWSMs,0.0,0.0
EmergencyLaneScenario.node[33].nic.mac1609_4,SentPackets,14.0,0.0
EmergencyLaneScenario.node[1].nic.mac1609_4,totalBusyTime,0.050124,0.0708860406004
EmergencyLaneScenario.node[15].nic.mac1609_4,TotalLostPackets,0.0,0.0
EmergencyLaneScenario.node[11].veinsmobility,totalTime,59.2,0.0
EmergencyLaneScenario.node[31].nic.mac1609_4,SentAcknowledgements,0.0,0.0
EmergencyLaneScenario.node[5].nic.mac1609_4,NumInternalContention,0.0,0.0
EmergencyLaneScenario.node[23].nic.mac1609_4,DroppedPacketsInMac,0.0,0.0
EmergencyLaneScenario.node[21].nic.mac1609_4,NumInternalContention,0.0,0.0
EmergencyLaneScenario.node[0].nic.mac1609_4,SentPackets,32.0,45.2548339959
EmergencyLaneScenario.node[29].nic.mac1609_4,SentAcknowledgements,0.0,0.0
EmergencyLaneScenario.node[32].nic.mac1609_4,TotalLostPackets,7.0,0.0
EmergencyLaneScenario.node[15].appl,generatedBSMs,28.0,0.0
EmergencyLaneScenario.node[4].nic.mac1609_4,sentPackets:count,50.5,71.4177848998
EmergencyLaneScenario.node[22].nic.mac1609_4,RXTXLostPackets,0.0,0.0
EmergencyLaneScenario.node[2].appl,laneChangesPerformed,0.0,0.0
EmergencyLaneScenario.node[5].nic.mac1609_4,totalBusyTime,0.0754695,0.106729990446
EmergencyLaneScenario.node[13].nic.mac1609_4,channelBusy:timeavg,0.00241327731092,0.0
EmergencyLaneScenario.node[28].nic.mac1609_4,TimesIntoBackoff,48.0,0.0
EmergencyLaneScenario.node[33].nic.mac1609_4,NumInternalContention,0.0,0.0
EmergencyLaneScenario.node[30].nic.mac1609_4,TotalLostPackets,3.0,0.0
EmergencyLaneScenario.node[0].veinsmobility,maxSpeed,12.9387070263,1.26512716575
EmergencyLaneScenario.node[15].nic.mac1609_4,NumInternalContention,0.0,0.0
EmergencyLaneScenario.node[9].veinsmobility,totalDistance,119.036167114,168.342561945
EmergencyLaneScenario.node[13].nic.mac1609_4,SentAcknowledgements,0.0,0.0
EmergencyLaneScenario.node[5].nic.mac1609_4,RetriesExceeded,0.0,0.0
EmergencyLaneScenario.node[22].appl,receivedWSAs,0.0,0.0
EmergencyLaneScenario.node[28].nic.mac1609_4,collisions:count,0.0,0.0
EmergencyLaneScenario.node[18].nic.mac1609_4,sentAcks:count,0.0,0.0
EmergencyLaneScenario.node[11].nic.mac1609_4,sentAcks:count,0.0,0.0
EmergencyLaneScenario.node[33].nic.mac1609_4,ReceivedUnicastPackets,0.0,0.0
EmergencyLaneScenario.node[12].nic.mac1609_4,TotalLostPackets,0.0,0.0
EmergencyLaneScenario.node[25].nic.mac1609_4,collisions:count,0.0,0.0
EmergencyLaneScenario.rsu[0].appl,falseExemptions,0.0,0.0
EmergencyLaneScenario.node[21].nic.mac1609_4,DroppedPacketsInMac,0.0,0.0
EmergencyLaneScenario.node[26].nic.mac1609_4,totalBusyTime,0.099367,0.0
EmergencyLaneScenario.node[5].veinsmobility,totalCO2Emission,121.175650937,123.974970932
EmergencyLaneScenario.node[2].appl,receivedWSMs,19.5,27.5771644663
EmergencyLaneScenario.node[19].veinsmobility,maxSpeed,16.8369687698,0.0
EmergencyLaneScenario.node[34].nic.mac1609_4,retriesExceeded:count,0.0,0.0
EmergencyLaneScenario.node[0].nic.mac1609_4,ReceivedBroadcasts,83.0,117.379725677
EmergencyLaneScenario.node[8].appl,avgResponseTime,104.999986531,0.0
EmergencyLaneScenario.node[15].veinsmobility,maxSpeed,14.3677400742,0.0
EmergencyLaneScenario.node[19].nic.mac1609_4,TotalLostPackets,12.0,0.0
EmergencyLaneScenario.node[30].nic.mac1609_4,sentPackets:count,48.0,0.0
EmergencyLaneScenario.node[21].appl,generatedWSMs,0.0,0.0
EmergencyLaneScenario.rsu[0].appl,receivedWSMs,21.5,30.405591591
EmergencyLaneScenario.node[3].veinsmobility,startTime,5.15,2.75771644663
EmergencyLaneScenario.node[32].nic.phy80211p,busyTime,0.00190465116279,0.0
EmergencyLaneScenario.node[7].appl,emergencyMessagesReceived,0.5,0.707106781187
EmergencyLaneScenario.node[10].nic.mac1609_4,NumInternalContention,0.0,0.0
EmergencyLaneScenario.node[21].appl,laneChangesPerformed,0.0,0.0
EmergencyLaneScenario.node[20].appl,laneChangesPerformed,0.0,0.0
EmergencyLaneScenario.node[12].appl,generatedWSAs,0.0,0.0
EmergencyLaneScenario.node[4].veinsmobility,totalTime,56.8,62.7910821694
